DEBUG - 2026-04-18 11:32:32 --> Session: Class initialized using 'CodeIgniter\Session\Handlers\FileHandler' driver.
ERROR - 2026-04-18 11:34:11 --> Error connecting to the database: mysqli_sql_exception: No connection could be made because the target machine actively refused it in C:\laragon\www\presensi\system\Database\MySQLi\Connection.php:202
Stack trace:
#0 C:\laragon\www\presensi\system\Database\MySQLi\Connection.php(202): mysqli->real_connect('localhost', 'root', '', 'presensi', 3306, '', 0)
#1 C:\laragon\www\presensi\system\Database\BaseConnection.php(419): CodeIgniter\Database\MySQLi\Connection->connect(false)
#2 C:\laragon\www\presensi\system\Database\BaseConnection.php(614): CodeIgniter\Database\BaseConnection->initialize()
#3 C:\laragon\www\presensi\system\Database\BaseBuilder.php(1649): CodeIgniter\Database\BaseConnection->query('SELECT *\nFROM `...', Array, false)
#4 C:\laragon\www\presensi\system\Model.php(330): CodeIgniter\Database\BaseBuilder->get()
#5 C:\laragon\www\presensi\system\BaseModel.php(715): CodeIgniter\Model->doFirst()
#6 C:\laragon\www\presensi\app\Controllers\Auth.php(24): CodeIgniter\BaseModel->first()
#7 C:\laragon\www\presensi\system\CodeIgniter.php(933): App\Controllers\Auth->processLogin()
#8 C:\laragon\www\presensi\system\CodeIgniter.php(507): CodeIgniter\CodeIgniter->runController(Object(App\Controllers\Auth))
#9 C:\laragon\www\presensi\system\CodeIgniter.php(354): CodeIgniter\CodeIgniter->handleRequest(NULL, Object(Config\Cache), false)
#10 C:\laragon\www\presensi\system\Boot.php(363): CodeIgniter\CodeIgniter->run()
#11 C:\laragon\www\presensi\system\Boot.php(68): CodeIgniter\Boot::runCodeIgniter(Object(CodeIgniter\CodeIgniter))
#12 C:\laragon\www\presensi\public\index.php(59): CodeIgniter\Boot::bootWeb(Object(Config\Paths))
#13 C:\laragon\www\presensi\system\rewrite.php(44): require_once('C:\\laragon\\www\\...')
#14 {main}

Next CodeIgniter\Database\Exceptions\DatabaseException: No connection could be made because the target machine actively refused it in C:\laragon\www\presensi\system\Database\MySQLi\Connection.php:246
Stack trace:
#0 C:\laragon\www\presensi\system\Database\BaseConnection.php(419): CodeIgniter\Database\MySQLi\Connection->connect(false)
#1 C:\laragon\www\presensi\system\Database\BaseConnection.php(614): CodeIgniter\Database\BaseConnection->initialize()
#2 C:\laragon\www\presensi\system\Database\BaseBuilder.php(1649): CodeIgniter\Database\BaseConnection->query('SELECT *\nFROM `...', Array, false)
#3 C:\laragon\www\presensi\system\Model.php(330): CodeIgniter\Database\BaseBuilder->get()
#4 C:\laragon\www\presensi\system\BaseModel.php(715): CodeIgniter\Model->doFirst()
#5 C:\laragon\www\presensi\app\Controllers\Auth.php(24): CodeIgniter\BaseModel->first()
#6 C:\laragon\www\presensi\system\CodeIgniter.php(933): App\Controllers\Auth->processLogin()
#7 C:\laragon\www\presensi\system\CodeIgniter.php(507): CodeIgniter\CodeIgniter->runController(Object(App\Controllers\Auth))
#8 C:\laragon\www\presensi\system\CodeIgniter.php(354): CodeIgniter\CodeIgniter->handleRequest(NULL, Object(Config\Cache), false)
#9 C:\laragon\www\presensi\system\Boot.php(363): CodeIgniter\CodeIgniter->run()
#10 C:\laragon\www\presensi\system\Boot.php(68): CodeIgniter\Boot::runCodeIgniter(Object(CodeIgniter\CodeIgniter))
#11 C:\laragon\www\presensi\public\index.php(59): CodeIgniter\Boot::bootWeb(Object(Config\Paths))
#12 C:\laragon\www\presensi\system\rewrite.php(44): require_once('C:\\laragon\\www\\...')
#13 {main}
CRITICAL - 2026-04-18 11:34:11 --> CodeIgniter\Database\Exceptions\DatabaseException: Unable to connect to the database.
Main connection [MySQLi]: No connection could be made because the target machine actively refused it
[Method: POST, Route: login]
in SYSTEMPATH\Database\BaseConnection.php on line 465.
 1 SYSTEMPATH\Database\BaseConnection.php(614): CodeIgniter\Database\BaseConnection->initialize()
 2 SYSTEMPATH\Database\BaseBuilder.php(1649): CodeIgniter\Database\BaseConnection->query('SELECT *
FROM `user`
WHERE `email` = :email:
 LIMIT 1', [...], false)
 3 SYSTEMPATH\Model.php(330): CodeIgniter\Database\BaseBuilder->get()
 4 SYSTEMPATH\BaseModel.php(715): CodeIgniter\Model->doFirst()
 5 APPPATH\Controllers\Auth.php(24): CodeIgniter\BaseModel->first()
 6 SYSTEMPATH\CodeIgniter.php(933): App\Controllers\Auth->processLogin()
 7 SYSTEMPATH\CodeIgniter.php(507): CodeIgniter\CodeIgniter->runController(Object(App\Controllers\Auth))
 8 SYSTEMPATH\CodeIgniter.php(354): CodeIgniter\CodeIgniter->handleRequest(null, Object(Config\Cache), false)
 9 SYSTEMPATH\Boot.php(363): CodeIgniter\CodeIgniter->run()
10 SYSTEMPATH\Boot.php(68): CodeIgniter\Boot::runCodeIgniter(Object(CodeIgniter\CodeIgniter))
11 FCPATH\index.php(59): CodeIgniter\Boot::bootWeb(Object(Config\Paths))
12 SYSTEMPATH\rewrite.php(44): require_once('C:\\laragon\\www\\presensi\\public\\index.php')
DEBUG - 2026-04-18 11:34:34 --> Session: Class initialized using 'CodeIgniter\Session\Handlers\FileHandler' driver.
DEBUG - 2026-04-18 11:34:35 --> Session: Class initialized using 'CodeIgniter\Session\Handlers\FileHandler' driver.
WARNING - 2026-04-18 11:34:35 --> [DEPRECATED] Function strftime() is deprecated in APPPATH\Views\dashboard\index.php on line 18.
 1 SYSTEMPATH\View\View.php(226): include('C:\\laragon\\www\\presensi\\app\\Views\\dashboard\\index.php')
 2 SYSTEMPATH\View\View.php(229): CodeIgniter\View\View->CodeIgniter\View\{closure}()
 3 SYSTEMPATH\Common.php(1167): CodeIgniter\View\View->render('dashboard/index', [], true)
 4 APPPATH\Controllers\Dashboard.php(45): view('dashboard/index', [...])
 5 SYSTEMPATH\CodeIgniter.php(933): App\Controllers\Dashboard->index()
 6 SYSTEMPATH\CodeIgniter.php(507): CodeIgniter\CodeIgniter->runController(Object(App\Controllers\Dashboard))
 7 SYSTEMPATH\CodeIgniter.php(354): CodeIgniter\CodeIgniter->handleRequest(null, Object(Config\Cache), false)
 8 SYSTEMPATH\Boot.php(363): CodeIgniter\CodeIgniter->run()
 9 SYSTEMPATH\Boot.php(68): CodeIgniter\Boot::runCodeIgniter(Object(CodeIgniter\CodeIgniter))
10 FCPATH\index.php(59): CodeIgniter\Boot::bootWeb(Object(Config\Paths))
11 SYSTEMPATH\rewrite.php(44): require_once('C:\\laragon\\www\\presensi\\public\\index.php')
DEBUG - 2026-04-18 11:35:31 --> Session: Class initialized using 'CodeIgniter\Session\Handlers\FileHandler' driver.
WARNING - 2026-04-18 11:35:31 --> [DEPRECATED] Function strftime() is deprecated in APPPATH\Views\presensi\index.php on line 34.
 1 SYSTEMPATH\View\View.php(226): include('C:\\laragon\\www\\presensi\\app\\Views\\presensi\\index.php')
 2 SYSTEMPATH\View\View.php(229): CodeIgniter\View\View->CodeIgniter\View\{closure}()
 3 SYSTEMPATH\Common.php(1167): CodeIgniter\View\View->render('presensi/index', [], true)
 4 APPPATH\Controllers\Presensi.php(40): view('presensi/index', [...])
 5 SYSTEMPATH\CodeIgniter.php(933): App\Controllers\Presensi->index()
 6 SYSTEMPATH\CodeIgniter.php(507): CodeIgniter\CodeIgniter->runController(Object(App\Controllers\Presensi))
 7 SYSTEMPATH\CodeIgniter.php(354): CodeIgniter\CodeIgniter->handleRequest(null, Object(Config\Cache), false)
 8 SYSTEMPATH\Boot.php(363): CodeIgniter\CodeIgniter->run()
 9 SYSTEMPATH\Boot.php(68): CodeIgniter\Boot::runCodeIgniter(Object(CodeIgniter\CodeIgniter))
10 FCPATH\index.php(59): CodeIgniter\Boot::bootWeb(Object(Config\Paths))
11 SYSTEMPATH\rewrite.php(44): require_once('C:\\laragon\\www\\presensi\\public\\index.php')
DEBUG - 2026-04-18 11:35:43 --> Session: Class initialized using 'CodeIgniter\Session\Handlers\FileHandler' driver.
DEBUG - 2026-04-18 11:36:02 --> Session: Class initialized using 'CodeIgniter\Session\Handlers\FileHandler' driver.
DEBUG - 2026-04-18 11:38:00 --> Session: Class initialized using 'CodeIgniter\Session\Handlers\FileHandler' driver.
DEBUG - 2026-04-18 11:38:27 --> Session: Class initialized using 'CodeIgniter\Session\Handlers\FileHandler' driver.
DEBUG - 2026-04-18 11:39:00 --> Session: Class initialized using 'CodeIgniter\Session\Handlers\FileHandler' driver.
DEBUG - 2026-04-18 11:39:28 --> Session: Class initialized using 'CodeIgniter\Session\Handlers\FileHandler' driver.
DEBUG - 2026-04-18 11:39:46 --> Session: Class initialized using 'CodeIgniter\Session\Handlers\FileHandler' driver.
DEBUG - 2026-04-18 11:40:08 --> Session: Class initialized using 'CodeIgniter\Session\Handlers\FileHandler' driver.
DEBUG - 2026-04-18 11:40:45 --> Session: Class initialized using 'CodeIgniter\Session\Handlers\FileHandler' driver.
DEBUG - 2026-04-18 11:40:54 --> Session: Class initialized using 'CodeIgniter\Session\Handlers\FileHandler' driver.
DEBUG - 2026-04-18 11:41:43 --> Session: Class initialized using 'CodeIgniter\Session\Handlers\FileHandler' driver.
DEBUG - 2026-04-18 11:41:51 --> Session: Class initialized using 'CodeIgniter\Session\Handlers\FileHandler' driver.
DEBUG - 2026-04-18 11:41:52 --> Session: Class initialized using 'CodeIgniter\Session\Handlers\FileHandler' driver.
DEBUG - 2026-04-18 11:42:05 --> Session: Class initialized using 'CodeIgniter\Session\Handlers\FileHandler' driver.
DEBUG - 2026-04-18 11:42:35 --> Session: Class initialized using 'CodeIgniter\Session\Handlers\FileHandler' driver.
DEBUG - 2026-04-18 11:42:36 --> Session: Class initialized using 'CodeIgniter\Session\Handlers\FileHandler' driver.
DEBUG - 2026-04-18 11:42:51 --> Session: Class initialized using 'CodeIgniter\Session\Handlers\FileHandler' driver.
DEBUG - 2026-04-18 11:44:02 --> Session: Class initialized using 'CodeIgniter\Session\Handlers\FileHandler' driver.
DEBUG - 2026-04-18 11:44:10 --> Session: Class initialized using 'CodeIgniter\Session\Handlers\FileHandler' driver.
DEBUG - 2026-04-18 11:44:21 --> Session: Class initialized using 'CodeIgniter\Session\Handlers\FileHandler' driver.
DEBUG - 2026-04-18 11:45:04 --> Session: Class initialized using 'CodeIgniter\Session\Handlers\FileHandler' driver.
DEBUG - 2026-04-18 11:45:18 --> Session: Class initialized using 'CodeIgniter\Session\Handlers\FileHandler' driver.
WARNING - 2026-04-18 11:45:18 --> [DEPRECATED] Function strftime() is deprecated in APPPATH\Views\dashboard\index.php on line 18.
 1 SYSTEMPATH\View\View.php(226): include('C:\\laragon\\www\\presensi\\app\\Views\\dashboard\\index.php')
 2 SYSTEMPATH\View\View.php(229): CodeIgniter\View\View->CodeIgniter\View\{closure}()
 3 SYSTEMPATH\Common.php(1167): CodeIgniter\View\View->render('dashboard/index', [], true)
 4 APPPATH\Controllers\Dashboard.php(45): view('dashboard/index', [...])
 5 SYSTEMPATH\CodeIgniter.php(933): App\Controllers\Dashboard->index()
 6 SYSTEMPATH\CodeIgniter.php(507): CodeIgniter\CodeIgniter->runController(Object(App\Controllers\Dashboard))
 7 SYSTEMPATH\CodeIgniter.php(354): CodeIgniter\CodeIgniter->handleRequest(null, Object(Config\Cache), false)
 8 SYSTEMPATH\Boot.php(363): CodeIgniter\CodeIgniter->run()
 9 SYSTEMPATH\Boot.php(68): CodeIgniter\Boot::runCodeIgniter(Object(CodeIgniter\CodeIgniter))
10 FCPATH\index.php(59): CodeIgniter\Boot::bootWeb(Object(Config\Paths))
11 SYSTEMPATH\rewrite.php(44): require_once('C:\\laragon\\www\\presensi\\public\\index.php')
DEBUG - 2026-04-18 11:45:24 --> Session: Class initialized using 'CodeIgniter\Session\Handlers\FileHandler' driver.
WARNING - 2026-04-18 11:45:24 --> [DEPRECATED] Function strftime() is deprecated in APPPATH\Views\presensi\index.php on line 34.
 1 SYSTEMPATH\View\View.php(226): include('C:\\laragon\\www\\presensi\\app\\Views\\presensi\\index.php')
 2 SYSTEMPATH\View\View.php(229): CodeIgniter\View\View->CodeIgniter\View\{closure}()
 3 SYSTEMPATH\Common.php(1167): CodeIgniter\View\View->render('presensi/index', [], true)
 4 APPPATH\Controllers\Presensi.php(40): view('presensi/index', [...])
 5 SYSTEMPATH\CodeIgniter.php(933): App\Controllers\Presensi->index()
 6 SYSTEMPATH\CodeIgniter.php(507): CodeIgniter\CodeIgniter->runController(Object(App\Controllers\Presensi))
 7 SYSTEMPATH\CodeIgniter.php(354): CodeIgniter\CodeIgniter->handleRequest(null, Object(Config\Cache), false)
 8 SYSTEMPATH\Boot.php(363): CodeIgniter\CodeIgniter->run()
 9 SYSTEMPATH\Boot.php(68): CodeIgniter\Boot::runCodeIgniter(Object(CodeIgniter\CodeIgniter))
10 FCPATH\index.php(59): CodeIgniter\Boot::bootWeb(Object(Config\Paths))
11 SYSTEMPATH\rewrite.php(44): require_once('C:\\laragon\\www\\presensi\\public\\index.php')
DEBUG - 2026-04-18 11:45:42 --> Session: Class initialized using 'CodeIgniter\Session\Handlers\FileHandler' driver.
DEBUG - 2026-04-18 11:45:57 --> Session: Class initialized using 'CodeIgniter\Session\Handlers\FileHandler' driver.
DEBUG - 2026-04-18 11:45:58 --> Session: Class initialized using 'CodeIgniter\Session\Handlers\FileHandler' driver.
DEBUG - 2026-04-18 11:46:06 --> Session: Class initialized using 'CodeIgniter\Session\Handlers\FileHandler' driver.
DEBUG - 2026-04-18 11:46:17 --> Session: Class initialized using 'CodeIgniter\Session\Handlers\FileHandler' driver.
DEBUG - 2026-04-18 11:46:17 --> Session: Class initialized using 'CodeIgniter\Session\Handlers\FileHandler' driver.
DEBUG - 2026-04-18 11:46:21 --> Session: Class initialized using 'CodeIgniter\Session\Handlers\FileHandler' driver.
DEBUG - 2026-04-18 11:46:43 --> Session: Class initialized using 'CodeIgniter\Session\Handlers\FileHandler' driver.
DEBUG - 2026-04-18 11:46:44 --> Session: Class initialized using 'CodeIgniter\Session\Handlers\FileHandler' driver.
DEBUG - 2026-04-18 11:47:01 --> Session: Class initialized using 'CodeIgniter\Session\Handlers\FileHandler' driver.
DEBUG - 2026-04-18 11:47:52 --> Session: Class initialized using 'CodeIgniter\Session\Handlers\FileHandler' driver.
ERROR - 2026-04-18 11:47:52 --> mysqli_sql_exception: Column 'foto_masuk' cannot be null in C:\laragon\www\presensi\system\Database\MySQLi\Connection.php:327
Stack trace:
#0 C:\laragon\www\presensi\system\Database\MySQLi\Connection.php(327): mysqli->query('INSERT INTO `da...', 0)
#1 C:\laragon\www\presensi\system\Database\BaseConnection.php(729): CodeIgniter\Database\MySQLi\Connection->execute('INSERT INTO `da...')
#2 C:\laragon\www\presensi\system\Database\BaseConnection.php(646): CodeIgniter\Database\BaseConnection->simpleQuery('INSERT INTO `da...')
#3 C:\laragon\www\presensi\system\Database\BaseBuilder.php(2345): CodeIgniter\Database\BaseConnection->query('INSERT INTO `da...', Array, false)
#4 C:\laragon\www\presensi\system\Model.php(394): CodeIgniter\Database\BaseBuilder->insert()
#5 C:\laragon\www\presensi\system\BaseModel.php(838): CodeIgniter\Model->doInsert(Array)
#6 C:\laragon\www\presensi\system\Model.php(797): CodeIgniter\BaseModel->insert(Array, true)
#7 C:\laragon\www\presensi\app\Controllers\Admin\Presensi.php(70): CodeIgniter\Model->insert(Array)
#8 C:\laragon\www\presensi\system\CodeIgniter.php(933): App\Controllers\Admin\Presensi->simpan()
#9 C:\laragon\www\presensi\system\CodeIgniter.php(507): CodeIgniter\CodeIgniter->runController(Object(App\Controllers\Admin\Presensi))
#10 C:\laragon\www\presensi\system\CodeIgniter.php(354): CodeIgniter\CodeIgniter->handleRequest(NULL, Object(Config\Cache), false)
#11 C:\laragon\www\presensi\system\Boot.php(363): CodeIgniter\CodeIgniter->run()
#12 C:\laragon\www\presensi\system\Boot.php(68): CodeIgniter\Boot::runCodeIgniter(Object(CodeIgniter\CodeIgniter))
#13 C:\laragon\www\presensi\public\index.php(59): CodeIgniter\Boot::bootWeb(Object(Config\Paths))
#14 C:\laragon\www\presensi\system\rewrite.php(44): require_once('C:\\laragon\\www\\...')
#15 {main}
CRITICAL - 2026-04-18 11:47:52 --> CodeIgniter\Database\Exceptions\DatabaseException: Column 'foto_masuk' cannot be null
[Method: POST, Route: admin/presensi/simpan]
in SYSTEMPATH\Database\BaseConnection.php on line 684.
 1 SYSTEMPATH\Database\BaseBuilder.php(2345): CodeIgniter\Database\BaseConnection->query('INSERT INTO `data_presensi` (`id_instansi`, `tanggal`, `jam_masuk`, `jam_pulang`, `foto_masuk`, `foto_pulang`, `status`) VALUES (:id_instansi:, :tanggal:, :jam_masuk:, :jam_pulang:, :foto_masuk:, :foto_pulang:, :status:)', [...], false)
 2 SYSTEMPATH\Model.php(394): CodeIgniter\Database\BaseBuilder->insert()
 3 SYSTEMPATH\BaseModel.php(838): CodeIgniter\Model->doInsert([...])
 4 SYSTEMPATH\Model.php(797): CodeIgniter\BaseModel->insert([...], true)
 5 APPPATH\Controllers\Admin\Presensi.php(70): CodeIgniter\Model->insert([...])
 6 SYSTEMPATH\CodeIgniter.php(933): App\Controllers\Admin\Presensi->simpan()
 7 SYSTEMPATH\CodeIgniter.php(507): CodeIgniter\CodeIgniter->runController(Object(App\Controllers\Admin\Presensi))
 8 SYSTEMPATH\CodeIgniter.php(354): CodeIgniter\CodeIgniter->handleRequest(null, Object(Config\Cache), false)
 9 SYSTEMPATH\Boot.php(363): CodeIgniter\CodeIgniter->run()
10 SYSTEMPATH\Boot.php(68): CodeIgniter\Boot::runCodeIgniter(Object(CodeIgniter\CodeIgniter))
11 FCPATH\index.php(59): CodeIgniter\Boot::bootWeb(Object(Config\Paths))
12 SYSTEMPATH\rewrite.php(44): require_once('C:\\laragon\\www\\presensi\\public\\index.php')
CRITICAL - 2026-04-18 11:47:52 --> [Caused by] CodeIgniter\Database\Exceptions\DatabaseException: Column 'foto_masuk' cannot be null
in SYSTEMPATH\Database\MySQLi\Connection.php on line 332.
 1 SYSTEMPATH\Database\BaseConnection.php(729): CodeIgniter\Database\MySQLi\Connection->execute('INSERT INTO `data_presensi` (`id_instansi`, `tanggal`, `jam_masuk`, `jam_pulang`, `foto_masuk`, `foto_pulang`, `status`) VALUES (\'1\', \'2026-04-16\', \'11:50\', \'11:53\', NULL, NULL, \'Hadir\')')
 2 SYSTEMPATH\Database\BaseConnection.php(646): CodeIgniter\Database\BaseConnection->simpleQuery('INSERT INTO `data_presensi` (`id_instansi`, `tanggal`, `jam_masuk`, `jam_pulang`, `foto_masuk`, `foto_pulang`, `status`) VALUES (\'1\', \'2026-04-16\', \'11:50\', \'11:53\', NULL, NULL, \'Hadir\')')
 3 SYSTEMPATH\Database\BaseBuilder.php(2345): CodeIgniter\Database\BaseConnection->query('INSERT INTO `data_presensi` (`id_instansi`, `tanggal`, `jam_masuk`, `jam_pulang`, `foto_masuk`, `foto_pulang`, `status`) VALUES (:id_instansi:, :tanggal:, :jam_masuk:, :jam_pulang:, :foto_masuk:, :foto_pulang:, :status:)', [...], false)
 4 SYSTEMPATH\Model.php(394): CodeIgniter\Database\BaseBuilder->insert()
 5 SYSTEMPATH\BaseModel.php(838): CodeIgniter\Model->doInsert([...])
 6 SYSTEMPATH\Model.php(797): CodeIgniter\BaseModel->insert([...], true)
 7 APPPATH\Controllers\Admin\Presensi.php(70): CodeIgniter\Model->insert([...])
 8 SYSTEMPATH\CodeIgniter.php(933): App\Controllers\Admin\Presensi->simpan()
 9 SYSTEMPATH\CodeIgniter.php(507): CodeIgniter\CodeIgniter->runController(Object(App\Controllers\Admin\Presensi))
10 SYSTEMPATH\CodeIgniter.php(354): CodeIgniter\CodeIgniter->handleRequest(null, Object(Config\Cache), false)
11 SYSTEMPATH\Boot.php(363): CodeIgniter\CodeIgniter->run()
12 SYSTEMPATH\Boot.php(68): CodeIgniter\Boot::runCodeIgniter(Object(CodeIgniter\CodeIgniter))
13 FCPATH\index.php(59): CodeIgniter\Boot::bootWeb(Object(Config\Paths))
14 SYSTEMPATH\rewrite.php(44): require_once('C:\\laragon\\www\\presensi\\public\\index.php')
CRITICAL - 2026-04-18 11:47:52 --> [Caused by] mysqli_sql_exception: Column 'foto_masuk' cannot be null
in SYSTEMPATH\Database\MySQLi\Connection.php on line 327.
 1 SYSTEMPATH\Database\MySQLi\Connection.php(327): mysqli->query('INSERT INTO `data_presensi` (`id_instansi`, `tanggal`, `jam_masuk`, `jam_pulang`, `foto_masuk`, `foto_pulang`, `status`) VALUES (\'1\', \'2026-04-16\', \'11:50\', \'11:53\', NULL, NULL, \'Hadir\')', 0)
 2 SYSTEMPATH\Database\BaseConnection.php(729): CodeIgniter\Database\MySQLi\Connection->execute('INSERT INTO `data_presensi` (`id_instansi`, `tanggal`, `jam_masuk`, `jam_pulang`, `foto_masuk`, `foto_pulang`, `status`) VALUES (\'1\', \'2026-04-16\', \'11:50\', \'11:53\', NULL, NULL, \'Hadir\')')
 3 SYSTEMPATH\Database\BaseConnection.php(646): CodeIgniter\Database\BaseConnection->simpleQuery('INSERT INTO `data_presensi` (`id_instansi`, `tanggal`, `jam_masuk`, `jam_pulang`, `foto_masuk`, `foto_pulang`, `status`) VALUES (\'1\', \'2026-04-16\', \'11:50\', \'11:53\', NULL, NULL, \'Hadir\')')
 4 SYSTEMPATH\Database\BaseBuilder.php(2345): CodeIgniter\Database\BaseConnection->query('INSERT INTO `data_presensi` (`id_instansi`, `tanggal`, `jam_masuk`, `jam_pulang`, `foto_masuk`, `foto_pulang`, `status`) VALUES (:id_instansi:, :tanggal:, :jam_masuk:, :jam_pulang:, :foto_masuk:, :foto_pulang:, :status:)', [...], false)
 5 SYSTEMPATH\Model.php(394): CodeIgniter\Database\BaseBuilder->insert()
 6 SYSTEMPATH\BaseModel.php(838): CodeIgniter\Model->doInsert([...])
 7 SYSTEMPATH\Model.php(797): CodeIgniter\BaseModel->insert([...], true)
 8 APPPATH\Controllers\Admin\Presensi.php(70): CodeIgniter\Model->insert([...])
 9 SYSTEMPATH\CodeIgniter.php(933): App\Controllers\Admin\Presensi->simpan()
10 SYSTEMPATH\CodeIgniter.php(507): CodeIgniter\CodeIgniter->runController(Object(App\Controllers\Admin\Presensi))
11 SYSTEMPATH\CodeIgniter.php(354): CodeIgniter\CodeIgniter->handleRequest(null, Object(Config\Cache), false)
12 SYSTEMPATH\Boot.php(363): CodeIgniter\CodeIgniter->run()
13 SYSTEMPATH\Boot.php(68): CodeIgniter\Boot::runCodeIgniter(Object(CodeIgniter\CodeIgniter))
14 FCPATH\index.php(59): CodeIgniter\Boot::bootWeb(Object(Config\Paths))
15 SYSTEMPATH\rewrite.php(44): require_once('C:\\laragon\\www\\presensi\\public\\index.php')
DEBUG - 2026-04-18 11:48:26 --> Session: Class initialized using 'CodeIgniter\Session\Handlers\FileHandler' driver.
ERROR - 2026-04-18 11:48:26 --> mysqli_sql_exception: Cannot add or update a child row: a foreign key constraint fails (`presensi`.`data_presensi`, CONSTRAINT `data_presensi_ibfk_1` FOREIGN KEY (`id_user`) REFERENCES `user` (`id_user`) ON DELETE RESTRICT ON UPDATE RESTRICT) in C:\laragon\www\presensi\system\Database\MySQLi\Connection.php:327
Stack trace:
#0 C:\laragon\www\presensi\system\Database\MySQLi\Connection.php(327): mysqli->query('INSERT INTO `da...', 0)
#1 C:\laragon\www\presensi\system\Database\BaseConnection.php(729): CodeIgniter\Database\MySQLi\Connection->execute('INSERT INTO `da...')
#2 C:\laragon\www\presensi\system\Database\BaseConnection.php(646): CodeIgniter\Database\BaseConnection->simpleQuery('INSERT INTO `da...')
#3 C:\laragon\www\presensi\system\Database\BaseBuilder.php(2345): CodeIgniter\Database\BaseConnection->query('INSERT INTO `da...', Array, false)
#4 C:\laragon\www\presensi\system\Model.php(394): CodeIgniter\Database\BaseBuilder->insert()
#5 C:\laragon\www\presensi\system\BaseModel.php(838): CodeIgniter\Model->doInsert(Array)
#6 C:\laragon\www\presensi\system\Model.php(797): CodeIgniter\BaseModel->insert(Array, true)
#7 C:\laragon\www\presensi\app\Controllers\Admin\Presensi.php(70): CodeIgniter\Model->insert(Array)
#8 C:\laragon\www\presensi\system\CodeIgniter.php(933): App\Controllers\Admin\Presensi->simpan()
#9 C:\laragon\www\presensi\system\CodeIgniter.php(507): CodeIgniter\CodeIgniter->runController(Object(App\Controllers\Admin\Presensi))
#10 C:\laragon\www\presensi\system\CodeIgniter.php(354): CodeIgniter\CodeIgniter->handleRequest(NULL, Object(Config\Cache), false)
#11 C:\laragon\www\presensi\system\Boot.php(363): CodeIgniter\CodeIgniter->run()
#12 C:\laragon\www\presensi\system\Boot.php(68): CodeIgniter\Boot::runCodeIgniter(Object(CodeIgniter\CodeIgniter))
#13 C:\laragon\www\presensi\public\index.php(59): CodeIgniter\Boot::bootWeb(Object(Config\Paths))
#14 C:\laragon\www\presensi\system\rewrite.php(44): require_once('C:\\laragon\\www\\...')
#15 {main}
CRITICAL - 2026-04-18 11:48:26 --> CodeIgniter\Database\Exceptions\DatabaseException: Cannot add or update a child row: a foreign key constraint fails (`presensi`.`data_presensi`, CONSTRAINT `data_presensi_ibfk_1` FOREIGN KEY (`id_user`) REFERENCES `user` (`id_user`) ON DELETE RESTRICT ON UPDATE RESTRICT)
[Method: POST, Route: admin/presensi/simpan]
in SYSTEMPATH\Database\BaseConnection.php on line 684.
 1 SYSTEMPATH\Database\BaseBuilder.php(2345): CodeIgniter\Database\BaseConnection->query('INSERT INTO `data_presensi` (`id_instansi`, `tanggal`, `jam_masuk`, `jam_pulang`, `foto_masuk`, `foto_pulang`, `status`) VALUES (:id_instansi:, :tanggal:, :jam_masuk:, :jam_pulang:, :foto_masuk:, :foto_pulang:, :status:)', [...], false)
 2 SYSTEMPATH\Model.php(394): CodeIgniter\Database\BaseBuilder->insert()
 3 SYSTEMPATH\BaseModel.php(838): CodeIgniter\Model->doInsert([...])
 4 SYSTEMPATH\Model.php(797): CodeIgniter\BaseModel->insert([...], true)
 5 APPPATH\Controllers\Admin\Presensi.php(70): CodeIgniter\Model->insert([...])
 6 SYSTEMPATH\CodeIgniter.php(933): App\Controllers\Admin\Presensi->simpan()
 7 SYSTEMPATH\CodeIgniter.php(507): CodeIgniter\CodeIgniter->runController(Object(App\Controllers\Admin\Presensi))
 8 SYSTEMPATH\CodeIgniter.php(354): CodeIgniter\CodeIgniter->handleRequest(null, Object(Config\Cache), false)
 9 SYSTEMPATH\Boot.php(363): CodeIgniter\CodeIgniter->run()
10 SYSTEMPATH\Boot.php(68): CodeIgniter\Boot::runCodeIgniter(Object(CodeIgniter\CodeIgniter))
11 FCPATH\index.php(59): CodeIgniter\Boot::bootWeb(Object(Config\Paths))
12 SYSTEMPATH\rewrite.php(44): require_once('C:\\laragon\\www\\presensi\\public\\index.php')
CRITICAL - 2026-04-18 11:48:26 --> [Caused by] CodeIgniter\Database\Exceptions\DatabaseException: Cannot add or update a child row: a foreign key constraint fails (`presensi`.`data_presensi`, CONSTRAINT `data_presensi_ibfk_1` FOREIGN KEY (`id_user`) REFERENCES `user` (`id_user`) ON DELETE RESTRICT ON UPDATE RESTRICT)
in SYSTEMPATH\Database\MySQLi\Connection.php on line 332.
 1 SYSTEMPATH\Database\BaseConnection.php(729): CodeIgniter\Database\MySQLi\Connection->execute('INSERT INTO `data_presensi` (`id_instansi`, `tanggal`, `jam_masuk`, `jam_pulang`, `foto_masuk`, `foto_pulang`, `status`) VALUES (\'1\', \'2026-04-16\', \'11:50\', \'11:53\', \'1776487706_821e653b8e162ad36c4e.jpg\', \'1776487706_f1c0b913f973e159e3a9.png\', \'Hadir\')')
 2 SYSTEMPATH\Database\BaseConnection.php(646): CodeIgniter\Database\BaseConnection->simpleQuery('INSERT INTO `data_presensi` (`id_instansi`, `tanggal`, `jam_masuk`, `jam_pulang`, `foto_masuk`, `foto_pulang`, `status`) VALUES (\'1\', \'2026-04-16\', \'11:50\', \'11:53\', \'1776487706_821e653b8e162ad36c4e.jpg\', \'1776487706_f1c0b913f973e159e3a9.png\', \'Hadir\')')
 3 SYSTEMPATH\Database\BaseBuilder.php(2345): CodeIgniter\Database\BaseConnection->query('INSERT INTO `data_presensi` (`id_instansi`, `tanggal`, `jam_masuk`, `jam_pulang`, `foto_masuk`, `foto_pulang`, `status`) VALUES (:id_instansi:, :tanggal:, :jam_masuk:, :jam_pulang:, :foto_masuk:, :foto_pulang:, :status:)', [...], false)
 4 SYSTEMPATH\Model.php(394): CodeIgniter\Database\BaseBuilder->insert()
 5 SYSTEMPATH\BaseModel.php(838): CodeIgniter\Model->doInsert([...])
 6 SYSTEMPATH\Model.php(797): CodeIgniter\BaseModel->insert([...], true)
 7 APPPATH\Controllers\Admin\Presensi.php(70): CodeIgniter\Model->insert([...])
 8 SYSTEMPATH\CodeIgniter.php(933): App\Controllers\Admin\Presensi->simpan()
 9 SYSTEMPATH\CodeIgniter.php(507): CodeIgniter\CodeIgniter->runController(Object(App\Controllers\Admin\Presensi))
10 SYSTEMPATH\CodeIgniter.php(354): CodeIgniter\CodeIgniter->handleRequest(null, Object(Config\Cache), false)
11 SYSTEMPATH\Boot.php(363): CodeIgniter\CodeIgniter->run()
12 SYSTEMPATH\Boot.php(68): CodeIgniter\Boot::runCodeIgniter(Object(CodeIgniter\CodeIgniter))
13 FCPATH\index.php(59): CodeIgniter\Boot::bootWeb(Object(Config\Paths))
14 SYSTEMPATH\rewrite.php(44): require_once('C:\\laragon\\www\\presensi\\public\\index.php')
CRITICAL - 2026-04-18 11:48:26 --> [Caused by] mysqli_sql_exception: Cannot add or update a child row: a foreign key constraint fails (`presensi`.`data_presensi`, CONSTRAINT `data_presensi_ibfk_1` FOREIGN KEY (`id_user`) REFERENCES `user` (`id_user`) ON DELETE RESTRICT ON UPDATE RESTRICT)
in SYSTEMPATH\Database\MySQLi\Connection.php on line 327.
 1 SYSTEMPATH\Database\MySQLi\Connection.php(327): mysqli->query('INSERT INTO `data_presensi` (`id_instansi`, `tanggal`, `jam_masuk`, `jam_pulang`, `foto_masuk`, `foto_pulang`, `status`) VALUES (\'1\', \'2026-04-16\', \'11:50\', \'11:53\', \'1776487706_821e653b8e162ad36c4e.jpg\', \'1776487706_f1c0b913f973e159e3a9.png\', \'Hadir\')', 0)
 2 SYSTEMPATH\Database\BaseConnection.php(729): CodeIgniter\Database\MySQLi\Connection->execute('INSERT INTO `data_presensi` (`id_instansi`, `tanggal`, `jam_masuk`, `jam_pulang`, `foto_masuk`, `foto_pulang`, `status`) VALUES (\'1\', \'2026-04-16\', \'11:50\', \'11:53\', \'1776487706_821e653b8e162ad36c4e.jpg\', \'1776487706_f1c0b913f973e159e3a9.png\', \'Hadir\')')
 3 SYSTEMPATH\Database\BaseConnection.php(646): CodeIgniter\Database\BaseConnection->simpleQuery('INSERT INTO `data_presensi` (`id_instansi`, `tanggal`, `jam_masuk`, `jam_pulang`, `foto_masuk`, `foto_pulang`, `status`) VALUES (\'1\', \'2026-04-16\', \'11:50\', \'11:53\', \'1776487706_821e653b8e162ad36c4e.jpg\', \'1776487706_f1c0b913f973e159e3a9.png\', \'Hadir\')')
 4 SYSTEMPATH\Database\BaseBuilder.php(2345): CodeIgniter\Database\BaseConnection->query('INSERT INTO `data_presensi` (`id_instansi`, `tanggal`, `jam_masuk`, `jam_pulang`, `foto_masuk`, `foto_pulang`, `status`) VALUES (:id_instansi:, :tanggal:, :jam_masuk:, :jam_pulang:, :foto_masuk:, :foto_pulang:, :status:)', [...], false)
 5 SYSTEMPATH\Model.php(394): CodeIgniter\Database\BaseBuilder->insert()
 6 SYSTEMPATH\BaseModel.php(838): CodeIgniter\Model->doInsert([...])
 7 SYSTEMPATH\Model.php(797): CodeIgniter\BaseModel->insert([...], true)
 8 APPPATH\Controllers\Admin\Presensi.php(70): CodeIgniter\Model->insert([...])
 9 SYSTEMPATH\CodeIgniter.php(933): App\Controllers\Admin\Presensi->simpan()
10 SYSTEMPATH\CodeIgniter.php(507): CodeIgniter\CodeIgniter->runController(Object(App\Controllers\Admin\Presensi))
11 SYSTEMPATH\CodeIgniter.php(354): CodeIgniter\CodeIgniter->handleRequest(null, Object(Config\Cache), false)
12 SYSTEMPATH\Boot.php(363): CodeIgniter\CodeIgniter->run()
13 SYSTEMPATH\Boot.php(68): CodeIgniter\Boot::runCodeIgniter(Object(CodeIgniter\CodeIgniter))
14 FCPATH\index.php(59): CodeIgniter\Boot::bootWeb(Object(Config\Paths))
15 SYSTEMPATH\rewrite.php(44): require_once('C:\\laragon\\www\\presensi\\public\\index.php')
DEBUG - 2026-04-18 11:48:41 --> Session: Class initialized using 'CodeIgniter\Session\Handlers\FileHandler' driver.
DEBUG - 2026-04-18 11:49:00 --> Session: Class initialized using 'CodeIgniter\Session\Handlers\FileHandler' driver.
ERROR - 2026-04-18 11:49:00 --> mysqli_sql_exception: Cannot add or update a child row: a foreign key constraint fails (`presensi`.`data_presensi`, CONSTRAINT `data_presensi_ibfk_1` FOREIGN KEY (`id_user`) REFERENCES `user` (`id_user`) ON DELETE RESTRICT ON UPDATE RESTRICT) in C:\laragon\www\presensi\system\Database\MySQLi\Connection.php:327
Stack trace:
#0 C:\laragon\www\presensi\system\Database\MySQLi\Connection.php(327): mysqli->query('INSERT INTO `da...', 0)
#1 C:\laragon\www\presensi\system\Database\BaseConnection.php(729): CodeIgniter\Database\MySQLi\Connection->execute('INSERT INTO `da...')
#2 C:\laragon\www\presensi\system\Database\BaseConnection.php(646): CodeIgniter\Database\BaseConnection->simpleQuery('INSERT INTO `da...')
#3 C:\laragon\www\presensi\system\Database\BaseBuilder.php(2345): CodeIgniter\Database\BaseConnection->query('INSERT INTO `da...', Array, false)
#4 C:\laragon\www\presensi\system\Model.php(394): CodeIgniter\Database\BaseBuilder->insert()
#5 C:\laragon\www\presensi\system\BaseModel.php(838): CodeIgniter\Model->doInsert(Array)
#6 C:\laragon\www\presensi\system\Model.php(797): CodeIgniter\BaseModel->insert(Array, true)
#7 C:\laragon\www\presensi\app\Controllers\Admin\Presensi.php(70): CodeIgniter\Model->insert(Array)
#8 C:\laragon\www\presensi\system\CodeIgniter.php(933): App\Controllers\Admin\Presensi->simpan()
#9 C:\laragon\www\presensi\system\CodeIgniter.php(507): CodeIgniter\CodeIgniter->runController(Object(App\Controllers\Admin\Presensi))
#10 C:\laragon\www\presensi\system\CodeIgniter.php(354): CodeIgniter\CodeIgniter->handleRequest(NULL, Object(Config\Cache), false)
#11 C:\laragon\www\presensi\system\Boot.php(363): CodeIgniter\CodeIgniter->run()
#12 C:\laragon\www\presensi\system\Boot.php(68): CodeIgniter\Boot::runCodeIgniter(Object(CodeIgniter\CodeIgniter))
#13 C:\laragon\www\presensi\public\index.php(59): CodeIgniter\Boot::bootWeb(Object(Config\Paths))
#14 C:\laragon\www\presensi\system\rewrite.php(44): require_once('C:\\laragon\\www\\...')
#15 {main}
CRITICAL - 2026-04-18 11:49:00 --> CodeIgniter\Database\Exceptions\DatabaseException: Cannot add or update a child row: a foreign key constraint fails (`presensi`.`data_presensi`, CONSTRAINT `data_presensi_ibfk_1` FOREIGN KEY (`id_user`) REFERENCES `user` (`id_user`) ON DELETE RESTRICT ON UPDATE RESTRICT)
[Method: POST, Route: admin/presensi/simpan]
in SYSTEMPATH\Database\BaseConnection.php on line 684.
 1 SYSTEMPATH\Database\BaseBuilder.php(2345): CodeIgniter\Database\BaseConnection->query('INSERT INTO `data_presensi` (`id_instansi`, `tanggal`, `jam_masuk`, `jam_pulang`, `foto_masuk`, `foto_pulang`, `status`) VALUES (:id_instansi:, :tanggal:, :jam_masuk:, :jam_pulang:, :foto_masuk:, :foto_pulang:, :status:)', [...], false)
 2 SYSTEMPATH\Model.php(394): CodeIgniter\Database\BaseBuilder->insert()
 3 SYSTEMPATH\BaseModel.php(838): CodeIgniter\Model->doInsert([...])
 4 SYSTEMPATH\Model.php(797): CodeIgniter\BaseModel->insert([...], true)
 5 APPPATH\Controllers\Admin\Presensi.php(70): CodeIgniter\Model->insert([...])
 6 SYSTEMPATH\CodeIgniter.php(933): App\Controllers\Admin\Presensi->simpan()
 7 SYSTEMPATH\CodeIgniter.php(507): CodeIgniter\CodeIgniter->runController(Object(App\Controllers\Admin\Presensi))
 8 SYSTEMPATH\CodeIgniter.php(354): CodeIgniter\CodeIgniter->handleRequest(null, Object(Config\Cache), false)
 9 SYSTEMPATH\Boot.php(363): CodeIgniter\CodeIgniter->run()
10 SYSTEMPATH\Boot.php(68): CodeIgniter\Boot::runCodeIgniter(Object(CodeIgniter\CodeIgniter))
11 FCPATH\index.php(59): CodeIgniter\Boot::bootWeb(Object(Config\Paths))
12 SYSTEMPATH\rewrite.php(44): require_once('C:\\laragon\\www\\presensi\\public\\index.php')
CRITICAL - 2026-04-18 11:49:00 --> [Caused by] CodeIgniter\Database\Exceptions\DatabaseException: Cannot add or update a child row: a foreign key constraint fails (`presensi`.`data_presensi`, CONSTRAINT `data_presensi_ibfk_1` FOREIGN KEY (`id_user`) REFERENCES `user` (`id_user`) ON DELETE RESTRICT ON UPDATE RESTRICT)
in SYSTEMPATH\Database\MySQLi\Connection.php on line 332.
 1 SYSTEMPATH\Database\BaseConnection.php(729): CodeIgniter\Database\MySQLi\Connection->execute('INSERT INTO `data_presensi` (`id_instansi`, `tanggal`, `jam_masuk`, `jam_pulang`, `foto_masuk`, `foto_pulang`, `status`) VALUES (\'1\', \'2026-04-16\', \'11:50\', \'11:53\', \'1776487740_bf4784bd00e53033a304.jpg\', \'1776487740_3a8247b622ad4893ba51.png\', \'Hadir\')')
 2 SYSTEMPATH\Database\BaseConnection.php(646): CodeIgniter\Database\BaseConnection->simpleQuery('INSERT INTO `data_presensi` (`id_instansi`, `tanggal`, `jam_masuk`, `jam_pulang`, `foto_masuk`, `foto_pulang`, `status`) VALUES (\'1\', \'2026-04-16\', \'11:50\', \'11:53\', \'1776487740_bf4784bd00e53033a304.jpg\', \'1776487740_3a8247b622ad4893ba51.png\', \'Hadir\')')
 3 SYSTEMPATH\Database\BaseBuilder.php(2345): CodeIgniter\Database\BaseConnection->query('INSERT INTO `data_presensi` (`id_instansi`, `tanggal`, `jam_masuk`, `jam_pulang`, `foto_masuk`, `foto_pulang`, `status`) VALUES (:id_instansi:, :tanggal:, :jam_masuk:, :jam_pulang:, :foto_masuk:, :foto_pulang:, :status:)', [...], false)
 4 SYSTEMPATH\Model.php(394): CodeIgniter\Database\BaseBuilder->insert()
 5 SYSTEMPATH\BaseModel.php(838): CodeIgniter\Model->doInsert([...])
 6 SYSTEMPATH\Model.php(797): CodeIgniter\BaseModel->insert([...], true)
 7 APPPATH\Controllers\Admin\Presensi.php(70): CodeIgniter\Model->insert([...])
 8 SYSTEMPATH\CodeIgniter.php(933): App\Controllers\Admin\Presensi->simpan()
 9 SYSTEMPATH\CodeIgniter.php(507): CodeIgniter\CodeIgniter->runController(Object(App\Controllers\Admin\Presensi))
10 SYSTEMPATH\CodeIgniter.php(354): CodeIgniter\CodeIgniter->handleRequest(null, Object(Config\Cache), false)
11 SYSTEMPATH\Boot.php(363): CodeIgniter\CodeIgniter->run()
12 SYSTEMPATH\Boot.php(68): CodeIgniter\Boot::runCodeIgniter(Object(CodeIgniter\CodeIgniter))
13 FCPATH\index.php(59): CodeIgniter\Boot::bootWeb(Object(Config\Paths))
14 SYSTEMPATH\rewrite.php(44): require_once('C:\\laragon\\www\\presensi\\public\\index.php')
CRITICAL - 2026-04-18 11:49:00 --> [Caused by] mysqli_sql_exception: Cannot add or update a child row: a foreign key constraint fails (`presensi`.`data_presensi`, CONSTRAINT `data_presensi_ibfk_1` FOREIGN KEY (`id_user`) REFERENCES `user` (`id_user`) ON DELETE RESTRICT ON UPDATE RESTRICT)
in SYSTEMPATH\Database\MySQLi\Connection.php on line 327.
 1 SYSTEMPATH\Database\MySQLi\Connection.php(327): mysqli->query('INSERT INTO `data_presensi` (`id_instansi`, `tanggal`, `jam_masuk`, `jam_pulang`, `foto_masuk`, `foto_pulang`, `status`) VALUES (\'1\', \'2026-04-16\', \'11:50\', \'11:53\', \'1776487740_bf4784bd00e53033a304.jpg\', \'1776487740_3a8247b622ad4893ba51.png\', \'Hadir\')', 0)
 2 SYSTEMPATH\Database\BaseConnection.php(729): CodeIgniter\Database\MySQLi\Connection->execute('INSERT INTO `data_presensi` (`id_instansi`, `tanggal`, `jam_masuk`, `jam_pulang`, `foto_masuk`, `foto_pulang`, `status`) VALUES (\'1\', \'2026-04-16\', \'11:50\', \'11:53\', \'1776487740_bf4784bd00e53033a304.jpg\', \'1776487740_3a8247b622ad4893ba51.png\', \'Hadir\')')
 3 SYSTEMPATH\Database\BaseConnection.php(646): CodeIgniter\Database\BaseConnection->simpleQuery('INSERT INTO `data_presensi` (`id_instansi`, `tanggal`, `jam_masuk`, `jam_pulang`, `foto_masuk`, `foto_pulang`, `status`) VALUES (\'1\', \'2026-04-16\', \'11:50\', \'11:53\', \'1776487740_bf4784bd00e53033a304.jpg\', \'1776487740_3a8247b622ad4893ba51.png\', \'Hadir\')')
 4 SYSTEMPATH\Database\BaseBuilder.php(2345): CodeIgniter\Database\BaseConnection->query('INSERT INTO `data_presensi` (`id_instansi`, `tanggal`, `jam_masuk`, `jam_pulang`, `foto_masuk`, `foto_pulang`, `status`) VALUES (:id_instansi:, :tanggal:, :jam_masuk:, :jam_pulang:, :foto_masuk:, :foto_pulang:, :status:)', [...], false)
 5 SYSTEMPATH\Model.php(394): CodeIgniter\Database\BaseBuilder->insert()
 6 SYSTEMPATH\BaseModel.php(838): CodeIgniter\Model->doInsert([...])
 7 SYSTEMPATH\Model.php(797): CodeIgniter\BaseModel->insert([...], true)
 8 APPPATH\Controllers\Admin\Presensi.php(70): CodeIgniter\Model->insert([...])
 9 SYSTEMPATH\CodeIgniter.php(933): App\Controllers\Admin\Presensi->simpan()
10 SYSTEMPATH\CodeIgniter.php(507): CodeIgniter\CodeIgniter->runController(Object(App\Controllers\Admin\Presensi))
11 SYSTEMPATH\CodeIgniter.php(354): CodeIgniter\CodeIgniter->handleRequest(null, Object(Config\Cache), false)
12 SYSTEMPATH\Boot.php(363): CodeIgniter\CodeIgniter->run()
13 SYSTEMPATH\Boot.php(68): CodeIgniter\Boot::runCodeIgniter(Object(CodeIgniter\CodeIgniter))
14 FCPATH\index.php(59): CodeIgniter\Boot::bootWeb(Object(Config\Paths))
15 SYSTEMPATH\rewrite.php(44): require_once('C:\\laragon\\www\\presensi\\public\\index.php')
DEBUG - 2026-04-18 11:49:46 --> Session: Class initialized using 'CodeIgniter\Session\Handlers\FileHandler' driver.
ERROR - 2026-04-18 11:49:46 --> mysqli_sql_exception: Cannot add or update a child row: a foreign key constraint fails (`presensi`.`data_presensi`, CONSTRAINT `data_presensi_ibfk_1` FOREIGN KEY (`id_user`) REFERENCES `user` (`id_user`) ON DELETE RESTRICT ON UPDATE RESTRICT) in C:\laragon\www\presensi\system\Database\MySQLi\Connection.php:327
Stack trace:
#0 C:\laragon\www\presensi\system\Database\MySQLi\Connection.php(327): mysqli->query('INSERT INTO `da...', 0)
#1 C:\laragon\www\presensi\system\Database\BaseConnection.php(729): CodeIgniter\Database\MySQLi\Connection->execute('INSERT INTO `da...')
#2 C:\laragon\www\presensi\system\Database\BaseConnection.php(646): CodeIgniter\Database\BaseConnection->simpleQuery('INSERT INTO `da...')
#3 C:\laragon\www\presensi\system\Database\BaseBuilder.php(2345): CodeIgniter\Database\BaseConnection->query('INSERT INTO `da...', Array, false)
#4 C:\laragon\www\presensi\system\Model.php(394): CodeIgniter\Database\BaseBuilder->insert()
#5 C:\laragon\www\presensi\system\BaseModel.php(838): CodeIgniter\Model->doInsert(Array)
#6 C:\laragon\www\presensi\system\Model.php(797): CodeIgniter\BaseModel->insert(Array, true)
#7 C:\laragon\www\presensi\app\Controllers\Admin\Presensi.php(70): CodeIgniter\Model->insert(Array)
#8 C:\laragon\www\presensi\system\CodeIgniter.php(933): App\Controllers\Admin\Presensi->simpan()
#9 C:\laragon\www\presensi\system\CodeIgniter.php(507): CodeIgniter\CodeIgniter->runController(Object(App\Controllers\Admin\Presensi))
#10 C:\laragon\www\presensi\system\CodeIgniter.php(354): CodeIgniter\CodeIgniter->handleRequest(NULL, Object(Config\Cache), false)
#11 C:\laragon\www\presensi\system\Boot.php(363): CodeIgniter\CodeIgniter->run()
#12 C:\laragon\www\presensi\system\Boot.php(68): CodeIgniter\Boot::runCodeIgniter(Object(CodeIgniter\CodeIgniter))
#13 C:\laragon\www\presensi\public\index.php(59): CodeIgniter\Boot::bootWeb(Object(Config\Paths))
#14 C:\laragon\www\presensi\system\rewrite.php(44): require_once('C:\\laragon\\www\\...')
#15 {main}
CRITICAL - 2026-04-18 11:49:46 --> CodeIgniter\Database\Exceptions\DatabaseException: Cannot add or update a child row: a foreign key constraint fails (`presensi`.`data_presensi`, CONSTRAINT `data_presensi_ibfk_1` FOREIGN KEY (`id_user`) REFERENCES `user` (`id_user`) ON DELETE RESTRICT ON UPDATE RESTRICT)
[Method: POST, Route: admin/presensi/simpan]
in SYSTEMPATH\Database\BaseConnection.php on line 684.
 1 SYSTEMPATH\Database\BaseBuilder.php(2345): CodeIgniter\Database\BaseConnection->query('INSERT INTO `data_presensi` (`id_instansi`, `tanggal`, `jam_masuk`, `jam_pulang`, `foto_masuk`, `foto_pulang`, `status`) VALUES (:id_instansi:, :tanggal:, :jam_masuk:, :jam_pulang:, :foto_masuk:, :foto_pulang:, :status:)', [...], false)
 2 SYSTEMPATH\Model.php(394): CodeIgniter\Database\BaseBuilder->insert()
 3 SYSTEMPATH\BaseModel.php(838): CodeIgniter\Model->doInsert([...])
 4 SYSTEMPATH\Model.php(797): CodeIgniter\BaseModel->insert([...], true)
 5 APPPATH\Controllers\Admin\Presensi.php(70): CodeIgniter\Model->insert([...])
 6 SYSTEMPATH\CodeIgniter.php(933): App\Controllers\Admin\Presensi->simpan()
 7 SYSTEMPATH\CodeIgniter.php(507): CodeIgniter\CodeIgniter->runController(Object(App\Controllers\Admin\Presensi))
 8 SYSTEMPATH\CodeIgniter.php(354): CodeIgniter\CodeIgniter->handleRequest(null, Object(Config\Cache), false)
 9 SYSTEMPATH\Boot.php(363): CodeIgniter\CodeIgniter->run()
10 SYSTEMPATH\Boot.php(68): CodeIgniter\Boot::runCodeIgniter(Object(CodeIgniter\CodeIgniter))
11 FCPATH\index.php(59): CodeIgniter\Boot::bootWeb(Object(Config\Paths))
12 SYSTEMPATH\rewrite.php(44): require_once('C:\\laragon\\www\\presensi\\public\\index.php')
CRITICAL - 2026-04-18 11:49:46 --> [Caused by] CodeIgniter\Database\Exceptions\DatabaseException: Cannot add or update a child row: a foreign key constraint fails (`presensi`.`data_presensi`, CONSTRAINT `data_presensi_ibfk_1` FOREIGN KEY (`id_user`) REFERENCES `user` (`id_user`) ON DELETE RESTRICT ON UPDATE RESTRICT)
in SYSTEMPATH\Database\MySQLi\Connection.php on line 332.
 1 SYSTEMPATH\Database\BaseConnection.php(729): CodeIgniter\Database\MySQLi\Connection->execute('INSERT INTO `data_presensi` (`id_instansi`, `tanggal`, `jam_masuk`, `jam_pulang`, `foto_masuk`, `foto_pulang`, `status`) VALUES (\'1\', \'2026-04-16\', \'11:50\', \'11:53\', \'1776487786_c7397567cd92342f0b8f.jpg\', \'1776487786_b0a44484adcef8637763.png\', \'Hadir\')')
 2 SYSTEMPATH\Database\BaseConnection.php(646): CodeIgniter\Database\BaseConnection->simpleQuery('INSERT INTO `data_presensi` (`id_instansi`, `tanggal`, `jam_masuk`, `jam_pulang`, `foto_masuk`, `foto_pulang`, `status`) VALUES (\'1\', \'2026-04-16\', \'11:50\', \'11:53\', \'1776487786_c7397567cd92342f0b8f.jpg\', \'1776487786_b0a44484adcef8637763.png\', \'Hadir\')')
 3 SYSTEMPATH\Database\BaseBuilder.php(2345): CodeIgniter\Database\BaseConnection->query('INSERT INTO `data_presensi` (`id_instansi`, `tanggal`, `jam_masuk`, `jam_pulang`, `foto_masuk`, `foto_pulang`, `status`) VALUES (:id_instansi:, :tanggal:, :jam_masuk:, :jam_pulang:, :foto_masuk:, :foto_pulang:, :status:)', [...], false)
 4 SYSTEMPATH\Model.php(394): CodeIgniter\Database\BaseBuilder->insert()
 5 SYSTEMPATH\BaseModel.php(838): CodeIgniter\Model->doInsert([...])
 6 SYSTEMPATH\Model.php(797): CodeIgniter\BaseModel->insert([...], true)
 7 APPPATH\Controllers\Admin\Presensi.php(70): CodeIgniter\Model->insert([...])
 8 SYSTEMPATH\CodeIgniter.php(933): App\Controllers\Admin\Presensi->simpan()
 9 SYSTEMPATH\CodeIgniter.php(507): CodeIgniter\CodeIgniter->runController(Object(App\Controllers\Admin\Presensi))
10 SYSTEMPATH\CodeIgniter.php(354): CodeIgniter\CodeIgniter->handleRequest(null, Object(Config\Cache), false)
11 SYSTEMPATH\Boot.php(363): CodeIgniter\CodeIgniter->run()
12 SYSTEMPATH\Boot.php(68): CodeIgniter\Boot::runCodeIgniter(Object(CodeIgniter\CodeIgniter))
13 FCPATH\index.php(59): CodeIgniter\Boot::bootWeb(Object(Config\Paths))
14 SYSTEMPATH\rewrite.php(44): require_once('C:\\laragon\\www\\presensi\\public\\index.php')
CRITICAL - 2026-04-18 11:49:46 --> [Caused by] mysqli_sql_exception: Cannot add or update a child row: a foreign key constraint fails (`presensi`.`data_presensi`, CONSTRAINT `data_presensi_ibfk_1` FOREIGN KEY (`id_user`) REFERENCES `user` (`id_user`) ON DELETE RESTRICT ON UPDATE RESTRICT)
in SYSTEMPATH\Database\MySQLi\Connection.php on line 327.
 1 SYSTEMPATH\Database\MySQLi\Connection.php(327): mysqli->query('INSERT INTO `data_presensi` (`id_instansi`, `tanggal`, `jam_masuk`, `jam_pulang`, `foto_masuk`, `foto_pulang`, `status`) VALUES (\'1\', \'2026-04-16\', \'11:50\', \'11:53\', \'1776487786_c7397567cd92342f0b8f.jpg\', \'1776487786_b0a44484adcef8637763.png\', \'Hadir\')', 0)
 2 SYSTEMPATH\Database\BaseConnection.php(729): CodeIgniter\Database\MySQLi\Connection->execute('INSERT INTO `data_presensi` (`id_instansi`, `tanggal`, `jam_masuk`, `jam_pulang`, `foto_masuk`, `foto_pulang`, `status`) VALUES (\'1\', \'2026-04-16\', \'11:50\', \'11:53\', \'1776487786_c7397567cd92342f0b8f.jpg\', \'1776487786_b0a44484adcef8637763.png\', \'Hadir\')')
 3 SYSTEMPATH\Database\BaseConnection.php(646): CodeIgniter\Database\BaseConnection->simpleQuery('INSERT INTO `data_presensi` (`id_instansi`, `tanggal`, `jam_masuk`, `jam_pulang`, `foto_masuk`, `foto_pulang`, `status`) VALUES (\'1\', \'2026-04-16\', \'11:50\', \'11:53\', \'1776487786_c7397567cd92342f0b8f.jpg\', \'1776487786_b0a44484adcef8637763.png\', \'Hadir\')')
 4 SYSTEMPATH\Database\BaseBuilder.php(2345): CodeIgniter\Database\BaseConnection->query('INSERT INTO `data_presensi` (`id_instansi`, `tanggal`, `jam_masuk`, `jam_pulang`, `foto_masuk`, `foto_pulang`, `status`) VALUES (:id_instansi:, :tanggal:, :jam_masuk:, :jam_pulang:, :foto_masuk:, :foto_pulang:, :status:)', [...], false)
 5 SYSTEMPATH\Model.php(394): CodeIgniter\Database\BaseBuilder->insert()
 6 SYSTEMPATH\BaseModel.php(838): CodeIgniter\Model->doInsert([...])
 7 SYSTEMPATH\Model.php(797): CodeIgniter\BaseModel->insert([...], true)
 8 APPPATH\Controllers\Admin\Presensi.php(70): CodeIgniter\Model->insert([...])
 9 SYSTEMPATH\CodeIgniter.php(933): App\Controllers\Admin\Presensi->simpan()
10 SYSTEMPATH\CodeIgniter.php(507): CodeIgniter\CodeIgniter->runController(Object(App\Controllers\Admin\Presensi))
11 SYSTEMPATH\CodeIgniter.php(354): CodeIgniter\CodeIgniter->handleRequest(null, Object(Config\Cache), false)
12 SYSTEMPATH\Boot.php(363): CodeIgniter\CodeIgniter->run()
13 SYSTEMPATH\Boot.php(68): CodeIgniter\Boot::runCodeIgniter(Object(CodeIgniter\CodeIgniter))
14 FCPATH\index.php(59): CodeIgniter\Boot::bootWeb(Object(Config\Paths))
15 SYSTEMPATH\rewrite.php(44): require_once('C:\\laragon\\www\\presensi\\public\\index.php')
DEBUG - 2026-04-18 11:50:51 --> Session: Class initialized using 'CodeIgniter\Session\Handlers\FileHandler' driver.
ERROR - 2026-04-18 11:50:51 --> mysqli_sql_exception: Cannot add or update a child row: a foreign key constraint fails (`presensi`.`data_presensi`, CONSTRAINT `data_presensi_ibfk_1` FOREIGN KEY (`id_user`) REFERENCES `user` (`id_user`) ON DELETE RESTRICT ON UPDATE RESTRICT) in C:\laragon\www\presensi\system\Database\MySQLi\Connection.php:327
Stack trace:
#0 C:\laragon\www\presensi\system\Database\MySQLi\Connection.php(327): mysqli->query('INSERT INTO `da...', 0)
#1 C:\laragon\www\presensi\system\Database\BaseConnection.php(729): CodeIgniter\Database\MySQLi\Connection->execute('INSERT INTO `da...')
#2 C:\laragon\www\presensi\system\Database\BaseConnection.php(646): CodeIgniter\Database\BaseConnection->simpleQuery('INSERT INTO `da...')
#3 C:\laragon\www\presensi\system\Database\BaseBuilder.php(2345): CodeIgniter\Database\BaseConnection->query('INSERT INTO `da...', Array, false)
#4 C:\laragon\www\presensi\system\Model.php(394): CodeIgniter\Database\BaseBuilder->insert()
#5 C:\laragon\www\presensi\system\BaseModel.php(838): CodeIgniter\Model->doInsert(Array)
#6 C:\laragon\www\presensi\system\Model.php(797): CodeIgniter\BaseModel->insert(Array, true)
#7 C:\laragon\www\presensi\app\Controllers\Admin\Presensi.php(70): CodeIgniter\Model->insert(Array)
#8 C:\laragon\www\presensi\system\CodeIgniter.php(933): App\Controllers\Admin\Presensi->simpan()
#9 C:\laragon\www\presensi\system\CodeIgniter.php(507): CodeIgniter\CodeIgniter->runController(Object(App\Controllers\Admin\Presensi))
#10 C:\laragon\www\presensi\system\CodeIgniter.php(354): CodeIgniter\CodeIgniter->handleRequest(NULL, Object(Config\Cache), false)
#11 C:\laragon\www\presensi\system\Boot.php(363): CodeIgniter\CodeIgniter->run()
#12 C:\laragon\www\presensi\system\Boot.php(68): CodeIgniter\Boot::runCodeIgniter(Object(CodeIgniter\CodeIgniter))
#13 C:\laragon\www\presensi\public\index.php(59): CodeIgniter\Boot::bootWeb(Object(Config\Paths))
#14 C:\laragon\www\presensi\system\rewrite.php(44): require_once('C:\\laragon\\www\\...')
#15 {main}
CRITICAL - 2026-04-18 11:50:51 --> CodeIgniter\Database\Exceptions\DatabaseException: Cannot add or update a child row: a foreign key constraint fails (`presensi`.`data_presensi`, CONSTRAINT `data_presensi_ibfk_1` FOREIGN KEY (`id_user`) REFERENCES `user` (`id_user`) ON DELETE RESTRICT ON UPDATE RESTRICT)
[Method: POST, Route: admin/presensi/simpan]
in SYSTEMPATH\Database\BaseConnection.php on line 684.
 1 SYSTEMPATH\Database\BaseBuilder.php(2345): CodeIgniter\Database\BaseConnection->query('INSERT INTO `data_presensi` (`id_instansi`, `tanggal`, `jam_masuk`, `jam_pulang`, `foto_masuk`, `foto_pulang`, `status`) VALUES (:id_instansi:, :tanggal:, :jam_masuk:, :jam_pulang:, :foto_masuk:, :foto_pulang:, :status:)', [...], false)
 2 SYSTEMPATH\Model.php(394): CodeIgniter\Database\BaseBuilder->insert()
 3 SYSTEMPATH\BaseModel.php(838): CodeIgniter\Model->doInsert([...])
 4 SYSTEMPATH\Model.php(797): CodeIgniter\BaseModel->insert([...], true)
 5 APPPATH\Controllers\Admin\Presensi.php(70): CodeIgniter\Model->insert([...])
 6 SYSTEMPATH\CodeIgniter.php(933): App\Controllers\Admin\Presensi->simpan()
 7 SYSTEMPATH\CodeIgniter.php(507): CodeIgniter\CodeIgniter->runController(Object(App\Controllers\Admin\Presensi))
 8 SYSTEMPATH\CodeIgniter.php(354): CodeIgniter\CodeIgniter->handleRequest(null, Object(Config\Cache), false)
 9 SYSTEMPATH\Boot.php(363): CodeIgniter\CodeIgniter->run()
10 SYSTEMPATH\Boot.php(68): CodeIgniter\Boot::runCodeIgniter(Object(CodeIgniter\CodeIgniter))
11 FCPATH\index.php(59): CodeIgniter\Boot::bootWeb(Object(Config\Paths))
12 SYSTEMPATH\rewrite.php(44): require_once('C:\\laragon\\www\\presensi\\public\\index.php')
CRITICAL - 2026-04-18 11:50:51 --> [Caused by] CodeIgniter\Database\Exceptions\DatabaseException: Cannot add or update a child row: a foreign key constraint fails (`presensi`.`data_presensi`, CONSTRAINT `data_presensi_ibfk_1` FOREIGN KEY (`id_user`) REFERENCES `user` (`id_user`) ON DELETE RESTRICT ON UPDATE RESTRICT)
in SYSTEMPATH\Database\MySQLi\Connection.php on line 332.
 1 SYSTEMPATH\Database\BaseConnection.php(729): CodeIgniter\Database\MySQLi\Connection->execute('INSERT INTO `data_presensi` (`id_instansi`, `tanggal`, `jam_masuk`, `jam_pulang`, `foto_masuk`, `foto_pulang`, `status`) VALUES (\'13\', \'2026-04-16\', \'11:50\', \'11:53\', \'1776487851_e64a4da400b754ab3ef3.jpg\', \'1776487851_8e5d305bb21867d1eea9.png\', \'Hadir\')')
 2 SYSTEMPATH\Database\BaseConnection.php(646): CodeIgniter\Database\BaseConnection->simpleQuery('INSERT INTO `data_presensi` (`id_instansi`, `tanggal`, `jam_masuk`, `jam_pulang`, `foto_masuk`, `foto_pulang`, `status`) VALUES (\'13\', \'2026-04-16\', \'11:50\', \'11:53\', \'1776487851_e64a4da400b754ab3ef3.jpg\', \'1776487851_8e5d305bb21867d1eea9.png\', \'Hadir\')')
 3 SYSTEMPATH\Database\BaseBuilder.php(2345): CodeIgniter\Database\BaseConnection->query('INSERT INTO `data_presensi` (`id_instansi`, `tanggal`, `jam_masuk`, `jam_pulang`, `foto_masuk`, `foto_pulang`, `status`) VALUES (:id_instansi:, :tanggal:, :jam_masuk:, :jam_pulang:, :foto_masuk:, :foto_pulang:, :status:)', [...], false)
 4 SYSTEMPATH\Model.php(394): CodeIgniter\Database\BaseBuilder->insert()
 5 SYSTEMPATH\BaseModel.php(838): CodeIgniter\Model->doInsert([...])
 6 SYSTEMPATH\Model.php(797): CodeIgniter\BaseModel->insert([...], true)
 7 APPPATH\Controllers\Admin\Presensi.php(70): CodeIgniter\Model->insert([...])
 8 SYSTEMPATH\CodeIgniter.php(933): App\Controllers\Admin\Presensi->simpan()
 9 SYSTEMPATH\CodeIgniter.php(507): CodeIgniter\CodeIgniter->runController(Object(App\Controllers\Admin\Presensi))
10 SYSTEMPATH\CodeIgniter.php(354): CodeIgniter\CodeIgniter->handleRequest(null, Object(Config\Cache), false)
11 SYSTEMPATH\Boot.php(363): CodeIgniter\CodeIgniter->run()
12 SYSTEMPATH\Boot.php(68): CodeIgniter\Boot::runCodeIgniter(Object(CodeIgniter\CodeIgniter))
13 FCPATH\index.php(59): CodeIgniter\Boot::bootWeb(Object(Config\Paths))
14 SYSTEMPATH\rewrite.php(44): require_once('C:\\laragon\\www\\presensi\\public\\index.php')
CRITICAL - 2026-04-18 11:50:51 --> [Caused by] mysqli_sql_exception: Cannot add or update a child row: a foreign key constraint fails (`presensi`.`data_presensi`, CONSTRAINT `data_presensi_ibfk_1` FOREIGN KEY (`id_user`) REFERENCES `user` (`id_user`) ON DELETE RESTRICT ON UPDATE RESTRICT)
in SYSTEMPATH\Database\MySQLi\Connection.php on line 327.
 1 SYSTEMPATH\Database\MySQLi\Connection.php(327): mysqli->query('INSERT INTO `data_presensi` (`id_instansi`, `tanggal`, `jam_masuk`, `jam_pulang`, `foto_masuk`, `foto_pulang`, `status`) VALUES (\'13\', \'2026-04-16\', \'11:50\', \'11:53\', \'1776487851_e64a4da400b754ab3ef3.jpg\', \'1776487851_8e5d305bb21867d1eea9.png\', \'Hadir\')', 0)
 2 SYSTEMPATH\Database\BaseConnection.php(729): CodeIgniter\Database\MySQLi\Connection->execute('INSERT INTO `data_presensi` (`id_instansi`, `tanggal`, `jam_masuk`, `jam_pulang`, `foto_masuk`, `foto_pulang`, `status`) VALUES (\'13\', \'2026-04-16\', \'11:50\', \'11:53\', \'1776487851_e64a4da400b754ab3ef3.jpg\', \'1776487851_8e5d305bb21867d1eea9.png\', \'Hadir\')')
 3 SYSTEMPATH\Database\BaseConnection.php(646): CodeIgniter\Database\BaseConnection->simpleQuery('INSERT INTO `data_presensi` (`id_instansi`, `tanggal`, `jam_masuk`, `jam_pulang`, `foto_masuk`, `foto_pulang`, `status`) VALUES (\'13\', \'2026-04-16\', \'11:50\', \'11:53\', \'1776487851_e64a4da400b754ab3ef3.jpg\', \'1776487851_8e5d305bb21867d1eea9.png\', \'Hadir\')')
 4 SYSTEMPATH\Database\BaseBuilder.php(2345): CodeIgniter\Database\BaseConnection->query('INSERT INTO `data_presensi` (`id_instansi`, `tanggal`, `jam_masuk`, `jam_pulang`, `foto_masuk`, `foto_pulang`, `status`) VALUES (:id_instansi:, :tanggal:, :jam_masuk:, :jam_pulang:, :foto_masuk:, :foto_pulang:, :status:)', [...], false)
 5 SYSTEMPATH\Model.php(394): CodeIgniter\Database\BaseBuilder->insert()
 6 SYSTEMPATH\BaseModel.php(838): CodeIgniter\Model->doInsert([...])
 7 SYSTEMPATH\Model.php(797): CodeIgniter\BaseModel->insert([...], true)
 8 APPPATH\Controllers\Admin\Presensi.php(70): CodeIgniter\Model->insert([...])
 9 SYSTEMPATH\CodeIgniter.php(933): App\Controllers\Admin\Presensi->simpan()
10 SYSTEMPATH\CodeIgniter.php(507): CodeIgniter\CodeIgniter->runController(Object(App\Controllers\Admin\Presensi))
11 SYSTEMPATH\CodeIgniter.php(354): CodeIgniter\CodeIgniter->handleRequest(null, Object(Config\Cache), false)
12 SYSTEMPATH\Boot.php(363): CodeIgniter\CodeIgniter->run()
13 SYSTEMPATH\Boot.php(68): CodeIgniter\Boot::runCodeIgniter(Object(CodeIgniter\CodeIgniter))
14 FCPATH\index.php(59): CodeIgniter\Boot::bootWeb(Object(Config\Paths))
15 SYSTEMPATH\rewrite.php(44): require_once('C:\\laragon\\www\\presensi\\public\\index.php')
DEBUG - 2026-04-18 12:23:50 --> Session: Class initialized using 'CodeIgniter\Session\Handlers\FileHandler' driver.
CRITICAL - 2026-04-18 12:23:50 --> ErrorException: Undefined variable $user
[Method: GET, Route: admin/presensi/tambah]
in APPPATH\Views\admin\presensi\tambah.php on line 16.
 1 APPPATH\Views\admin\presensi\tambah.php(16): CodeIgniter\Debug\Exceptions->errorHandler(2, 'Undefined variable $user', 'C:\\laragon\\www\\presensi\\app\\Views\\admin\\presensi\\tambah.php', 16)
 2 SYSTEMPATH\View\View.php(226): include('C:\\laragon\\www\\presensi\\app\\Views\\admin\\presensi\\tambah.php')
 3 SYSTEMPATH\View\View.php(229): CodeIgniter\View\View->CodeIgniter\View\{closure}()
 4 SYSTEMPATH\Common.php(1167): CodeIgniter\View\View->render('admin/presensi/tambah', [], true)
 5 APPPATH\Controllers\Admin\Presensi.php(40): view('admin/presensi/tambah', [...])
 6 SYSTEMPATH\CodeIgniter.php(933): App\Controllers\Admin\Presensi->tambah()
 7 SYSTEMPATH\CodeIgniter.php(507): CodeIgniter\CodeIgniter->runController(Object(App\Controllers\Admin\Presensi))
 8 SYSTEMPATH\CodeIgniter.php(354): CodeIgniter\CodeIgniter->handleRequest(null, Object(Config\Cache), false)
 9 SYSTEMPATH\Boot.php(363): CodeIgniter\CodeIgniter->run()
10 SYSTEMPATH\Boot.php(68): CodeIgniter\Boot::runCodeIgniter(Object(CodeIgniter\CodeIgniter))
11 FCPATH\index.php(59): CodeIgniter\Boot::bootWeb(Object(Config\Paths))
12 SYSTEMPATH\rewrite.php(44): require_once('C:\\laragon\\www\\presensi\\public\\index.php')
DEBUG - 2026-04-18 12:23:56 --> Session: Class initialized using 'CodeIgniter\Session\Handlers\FileHandler' driver.
DEBUG - 2026-04-18 12:23:59 --> Session: Class initialized using 'CodeIgniter\Session\Handlers\FileHandler' driver.
CRITICAL - 2026-04-18 12:23:59 --> ErrorException: Undefined variable $user
[Method: GET, Route: admin/presensi/tambah]
in APPPATH\Views\admin\presensi\tambah.php on line 16.
 1 APPPATH\Views\admin\presensi\tambah.php(16): CodeIgniter\Debug\Exceptions->errorHandler(2, 'Undefined variable $user', 'C:\\laragon\\www\\presensi\\app\\Views\\admin\\presensi\\tambah.php', 16)
 2 SYSTEMPATH\View\View.php(226): include('C:\\laragon\\www\\presensi\\app\\Views\\admin\\presensi\\tambah.php')
 3 SYSTEMPATH\View\View.php(229): CodeIgniter\View\View->CodeIgniter\View\{closure}()
 4 SYSTEMPATH\Common.php(1167): CodeIgniter\View\View->render('admin/presensi/tambah', [], true)
 5 APPPATH\Controllers\Admin\Presensi.php(40): view('admin/presensi/tambah', [...])
 6 SYSTEMPATH\CodeIgniter.php(933): App\Controllers\Admin\Presensi->tambah()
 7 SYSTEMPATH\CodeIgniter.php(507): CodeIgniter\CodeIgniter->runController(Object(App\Controllers\Admin\Presensi))
 8 SYSTEMPATH\CodeIgniter.php(354): CodeIgniter\CodeIgniter->handleRequest(null, Object(Config\Cache), false)
 9 SYSTEMPATH\Boot.php(363): CodeIgniter\CodeIgniter->run()
10 SYSTEMPATH\Boot.php(68): CodeIgniter\Boot::runCodeIgniter(Object(CodeIgniter\CodeIgniter))
11 FCPATH\index.php(59): CodeIgniter\Boot::bootWeb(Object(Config\Paths))
12 SYSTEMPATH\rewrite.php(44): require_once('C:\\laragon\\www\\presensi\\public\\index.php')
DEBUG - 2026-04-18 14:34:53 --> Session: Class initialized using 'CodeIgniter\Session\Handlers\FileHandler' driver.
DEBUG - 2026-04-18 14:35:02 --> Session: Class initialized using 'CodeIgniter\Session\Handlers\FileHandler' driver.
DEBUG - 2026-04-18 14:35:03 --> Session: Class initialized using 'CodeIgniter\Session\Handlers\FileHandler' driver.
DEBUG - 2026-04-18 14:35:10 --> Session: Class initialized using 'CodeIgniter\Session\Handlers\FileHandler' driver.
DEBUG - 2026-04-18 14:35:16 --> Session: Class initialized using 'CodeIgniter\Session\Handlers\FileHandler' driver.
DEBUG - 2026-04-18 14:35:20 --> Session: Class initialized using 'CodeIgniter\Session\Handlers\FileHandler' driver.
DEBUG - 2026-04-18 14:35:58 --> Session: Class initialized using 'CodeIgniter\Session\Handlers\FileHandler' driver.
DEBUG - 2026-04-18 14:36:03 --> Session: Class initialized using 'CodeIgniter\Session\Handlers\FileHandler' driver.
DEBUG - 2026-04-18 14:36:05 --> Session: Class initialized using 'CodeIgniter\Session\Handlers\FileHandler' driver.
DEBUG - 2026-04-18 14:37:07 --> Session: Class initialized using 'CodeIgniter\Session\Handlers\FileHandler' driver.
ERROR - 2026-04-18 14:37:07 --> mysqli_sql_exception: Cannot add or update a child row: a foreign key constraint fails (`presensi`.`data_presensi`, CONSTRAINT `data_presensi_ibfk_1` FOREIGN KEY (`id_user`) REFERENCES `user` (`id_user`) ON DELETE RESTRICT ON UPDATE RESTRICT) in C:\laragon\www\presensi\system\Database\MySQLi\Connection.php:327
Stack trace:
#0 C:\laragon\www\presensi\system\Database\MySQLi\Connection.php(327): mysqli->query('INSERT INTO `da...', 0)
#1 C:\laragon\www\presensi\system\Database\BaseConnection.php(729): CodeIgniter\Database\MySQLi\Connection->execute('INSERT INTO `da...')
#2 C:\laragon\www\presensi\system\Database\BaseConnection.php(646): CodeIgniter\Database\BaseConnection->simpleQuery('INSERT INTO `da...')
#3 C:\laragon\www\presensi\system\Database\BaseBuilder.php(2345): CodeIgniter\Database\BaseConnection->query('INSERT INTO `da...', Array, false)
#4 C:\laragon\www\presensi\system\Model.php(394): CodeIgniter\Database\BaseBuilder->insert()
#5 C:\laragon\www\presensi\system\BaseModel.php(838): CodeIgniter\Model->doInsert(Array)
#6 C:\laragon\www\presensi\system\Model.php(797): CodeIgniter\BaseModel->insert(Array, true)
#7 C:\laragon\www\presensi\app\Controllers\Admin\Presensi.php(70): CodeIgniter\Model->insert(Array)
#8 C:\laragon\www\presensi\system\CodeIgniter.php(933): App\Controllers\Admin\Presensi->simpan()
#9 C:\laragon\www\presensi\system\CodeIgniter.php(507): CodeIgniter\CodeIgniter->runController(Object(App\Controllers\Admin\Presensi))
#10 C:\laragon\www\presensi\system\CodeIgniter.php(354): CodeIgniter\CodeIgniter->handleRequest(NULL, Object(Config\Cache), false)
#11 C:\laragon\www\presensi\system\Boot.php(363): CodeIgniter\CodeIgniter->run()
#12 C:\laragon\www\presensi\system\Boot.php(68): CodeIgniter\Boot::runCodeIgniter(Object(CodeIgniter\CodeIgniter))
#13 C:\laragon\www\presensi\public\index.php(59): CodeIgniter\Boot::bootWeb(Object(Config\Paths))
#14 C:\laragon\www\presensi\system\rewrite.php(44): require_once('C:\\laragon\\www\\...')
#15 {main}
CRITICAL - 2026-04-18 14:37:07 --> CodeIgniter\Database\Exceptions\DatabaseException: Cannot add or update a child row: a foreign key constraint fails (`presensi`.`data_presensi`, CONSTRAINT `data_presensi_ibfk_1` FOREIGN KEY (`id_user`) REFERENCES `user` (`id_user`) ON DELETE RESTRICT ON UPDATE RESTRICT)
[Method: POST, Route: admin/presensi/simpan]
in SYSTEMPATH\Database\BaseConnection.php on line 684.
 1 SYSTEMPATH\Database\BaseBuilder.php(2345): CodeIgniter\Database\BaseConnection->query('INSERT INTO `data_presensi` (`id_instansi`, `tanggal`, `jam_masuk`, `jam_pulang`, `foto_masuk`, `foto_pulang`, `status`) VALUES (:id_instansi:, :tanggal:, :jam_masuk:, :jam_pulang:, :foto_masuk:, :foto_pulang:, :status:)', [...], false)
 2 SYSTEMPATH\Model.php(394): CodeIgniter\Database\BaseBuilder->insert()
 3 SYSTEMPATH\BaseModel.php(838): CodeIgniter\Model->doInsert([...])
 4 SYSTEMPATH\Model.php(797): CodeIgniter\BaseModel->insert([...], true)
 5 APPPATH\Controllers\Admin\Presensi.php(70): CodeIgniter\Model->insert([...])
 6 SYSTEMPATH\CodeIgniter.php(933): App\Controllers\Admin\Presensi->simpan()
 7 SYSTEMPATH\CodeIgniter.php(507): CodeIgniter\CodeIgniter->runController(Object(App\Controllers\Admin\Presensi))
 8 SYSTEMPATH\CodeIgniter.php(354): CodeIgniter\CodeIgniter->handleRequest(null, Object(Config\Cache), false)
 9 SYSTEMPATH\Boot.php(363): CodeIgniter\CodeIgniter->run()
10 SYSTEMPATH\Boot.php(68): CodeIgniter\Boot::runCodeIgniter(Object(CodeIgniter\CodeIgniter))
11 FCPATH\index.php(59): CodeIgniter\Boot::bootWeb(Object(Config\Paths))
12 SYSTEMPATH\rewrite.php(44): require_once('C:\\laragon\\www\\presensi\\public\\index.php')
CRITICAL - 2026-04-18 14:37:07 --> [Caused by] CodeIgniter\Database\Exceptions\DatabaseException: Cannot add or update a child row: a foreign key constraint fails (`presensi`.`data_presensi`, CONSTRAINT `data_presensi_ibfk_1` FOREIGN KEY (`id_user`) REFERENCES `user` (`id_user`) ON DELETE RESTRICT ON UPDATE RESTRICT)
in SYSTEMPATH\Database\MySQLi\Connection.php on line 332.
 1 SYSTEMPATH\Database\BaseConnection.php(729): CodeIgniter\Database\MySQLi\Connection->execute('INSERT INTO `data_presensi` (`id_instansi`, `tanggal`, `jam_masuk`, `jam_pulang`, `foto_masuk`, `foto_pulang`, `status`) VALUES (\'13\', \'2026-04-16\', \'14:36\', \'14:50\', \'1776497827_3f3e5ef1749005137742.png\', \'1776497827_d5799c518b0825e85417.jpg\', \'Hadir\')')
 2 SYSTEMPATH\Database\BaseConnection.php(646): CodeIgniter\Database\BaseConnection->simpleQuery('INSERT INTO `data_presensi` (`id_instansi`, `tanggal`, `jam_masuk`, `jam_pulang`, `foto_masuk`, `foto_pulang`, `status`) VALUES (\'13\', \'2026-04-16\', \'14:36\', \'14:50\', \'1776497827_3f3e5ef1749005137742.png\', \'1776497827_d5799c518b0825e85417.jpg\', \'Hadir\')')
 3 SYSTEMPATH\Database\BaseBuilder.php(2345): CodeIgniter\Database\BaseConnection->query('INSERT INTO `data_presensi` (`id_instansi`, `tanggal`, `jam_masuk`, `jam_pulang`, `foto_masuk`, `foto_pulang`, `status`) VALUES (:id_instansi:, :tanggal:, :jam_masuk:, :jam_pulang:, :foto_masuk:, :foto_pulang:, :status:)', [...], false)
 4 SYSTEMPATH\Model.php(394): CodeIgniter\Database\BaseBuilder->insert()
 5 SYSTEMPATH\BaseModel.php(838): CodeIgniter\Model->doInsert([...])
 6 SYSTEMPATH\Model.php(797): CodeIgniter\BaseModel->insert([...], true)
 7 APPPATH\Controllers\Admin\Presensi.php(70): CodeIgniter\Model->insert([...])
 8 SYSTEMPATH\CodeIgniter.php(933): App\Controllers\Admin\Presensi->simpan()
 9 SYSTEMPATH\CodeIgniter.php(507): CodeIgniter\CodeIgniter->runController(Object(App\Controllers\Admin\Presensi))
10 SYSTEMPATH\CodeIgniter.php(354): CodeIgniter\CodeIgniter->handleRequest(null, Object(Config\Cache), false)
11 SYSTEMPATH\Boot.php(363): CodeIgniter\CodeIgniter->run()
12 SYSTEMPATH\Boot.php(68): CodeIgniter\Boot::runCodeIgniter(Object(CodeIgniter\CodeIgniter))
13 FCPATH\index.php(59): CodeIgniter\Boot::bootWeb(Object(Config\Paths))
14 SYSTEMPATH\rewrite.php(44): require_once('C:\\laragon\\www\\presensi\\public\\index.php')
CRITICAL - 2026-04-18 14:37:07 --> [Caused by] mysqli_sql_exception: Cannot add or update a child row: a foreign key constraint fails (`presensi`.`data_presensi`, CONSTRAINT `data_presensi_ibfk_1` FOREIGN KEY (`id_user`) REFERENCES `user` (`id_user`) ON DELETE RESTRICT ON UPDATE RESTRICT)
in SYSTEMPATH\Database\MySQLi\Connection.php on line 327.
 1 SYSTEMPATH\Database\MySQLi\Connection.php(327): mysqli->query('INSERT INTO `data_presensi` (`id_instansi`, `tanggal`, `jam_masuk`, `jam_pulang`, `foto_masuk`, `foto_pulang`, `status`) VALUES (\'13\', \'2026-04-16\', \'14:36\', \'14:50\', \'1776497827_3f3e5ef1749005137742.png\', \'1776497827_d5799c518b0825e85417.jpg\', \'Hadir\')', 0)
 2 SYSTEMPATH\Database\BaseConnection.php(729): CodeIgniter\Database\MySQLi\Connection->execute('INSERT INTO `data_presensi` (`id_instansi`, `tanggal`, `jam_masuk`, `jam_pulang`, `foto_masuk`, `foto_pulang`, `status`) VALUES (\'13\', \'2026-04-16\', \'14:36\', \'14:50\', \'1776497827_3f3e5ef1749005137742.png\', \'1776497827_d5799c518b0825e85417.jpg\', \'Hadir\')')
 3 SYSTEMPATH\Database\BaseConnection.php(646): CodeIgniter\Database\BaseConnection->simpleQuery('INSERT INTO `data_presensi` (`id_instansi`, `tanggal`, `jam_masuk`, `jam_pulang`, `foto_masuk`, `foto_pulang`, `status`) VALUES (\'13\', \'2026-04-16\', \'14:36\', \'14:50\', \'1776497827_3f3e5ef1749005137742.png\', \'1776497827_d5799c518b0825e85417.jpg\', \'Hadir\')')
 4 SYSTEMPATH\Database\BaseBuilder.php(2345): CodeIgniter\Database\BaseConnection->query('INSERT INTO `data_presensi` (`id_instansi`, `tanggal`, `jam_masuk`, `jam_pulang`, `foto_masuk`, `foto_pulang`, `status`) VALUES (:id_instansi:, :tanggal:, :jam_masuk:, :jam_pulang:, :foto_masuk:, :foto_pulang:, :status:)', [...], false)
 5 SYSTEMPATH\Model.php(394): CodeIgniter\Database\BaseBuilder->insert()
 6 SYSTEMPATH\BaseModel.php(838): CodeIgniter\Model->doInsert([...])
 7 SYSTEMPATH\Model.php(797): CodeIgniter\BaseModel->insert([...], true)
 8 APPPATH\Controllers\Admin\Presensi.php(70): CodeIgniter\Model->insert([...])
 9 SYSTEMPATH\CodeIgniter.php(933): App\Controllers\Admin\Presensi->simpan()
10 SYSTEMPATH\CodeIgniter.php(507): CodeIgniter\CodeIgniter->runController(Object(App\Controllers\Admin\Presensi))
11 SYSTEMPATH\CodeIgniter.php(354): CodeIgniter\CodeIgniter->handleRequest(null, Object(Config\Cache), false)
12 SYSTEMPATH\Boot.php(363): CodeIgniter\CodeIgniter->run()
13 SYSTEMPATH\Boot.php(68): CodeIgniter\Boot::runCodeIgniter(Object(CodeIgniter\CodeIgniter))
14 FCPATH\index.php(59): CodeIgniter\Boot::bootWeb(Object(Config\Paths))
15 SYSTEMPATH\rewrite.php(44): require_once('C:\\laragon\\www\\presensi\\public\\index.php')
DEBUG - 2026-04-18 14:47:50 --> Session: Class initialized using 'CodeIgniter\Session\Handlers\FileHandler' driver.
DEBUG - 2026-04-18 14:51:23 --> Session: Class initialized using 'CodeIgniter\Session\Handlers\FileHandler' driver.
DEBUG - 2026-04-18 14:51:29 --> Session: Class initialized using 'CodeIgniter\Session\Handlers\FileHandler' driver.
DEBUG - 2026-04-18 14:51:33 --> Session: Class initialized using 'CodeIgniter\Session\Handlers\FileHandler' driver.
DEBUG - 2026-04-18 14:52:11 --> Session: Class initialized using 'CodeIgniter\Session\Handlers\FileHandler' driver.
DEBUG - 2026-04-18 14:54:56 --> Session: Class initialized using 'CodeIgniter\Session\Handlers\FileHandler' driver.
DEBUG - 2026-04-18 14:55:56 --> Session: Class initialized using 'CodeIgniter\Session\Handlers\FileHandler' driver.
ERROR - 2026-04-18 14:55:56 --> mysqli_sql_exception: Column 'latitude' cannot be null in C:\laragon\www\presensi\system\Database\MySQLi\Connection.php:327
Stack trace:
#0 C:\laragon\www\presensi\system\Database\MySQLi\Connection.php(327): mysqli->query('INSERT INTO `da...', 0)
#1 C:\laragon\www\presensi\system\Database\BaseConnection.php(729): CodeIgniter\Database\MySQLi\Connection->execute('INSERT INTO `da...')
#2 C:\laragon\www\presensi\system\Database\BaseConnection.php(646): CodeIgniter\Database\BaseConnection->simpleQuery('INSERT INTO `da...')
#3 C:\laragon\www\presensi\system\Database\BaseBuilder.php(2345): CodeIgniter\Database\BaseConnection->query('INSERT INTO `da...', Array, false)
#4 C:\laragon\www\presensi\system\Model.php(394): CodeIgniter\Database\BaseBuilder->insert()
#5 C:\laragon\www\presensi\system\BaseModel.php(838): CodeIgniter\Model->doInsert(Array)
#6 C:\laragon\www\presensi\system\Model.php(797): CodeIgniter\BaseModel->insert(Array, true)
#7 C:\laragon\www\presensi\app\Controllers\Admin\Presensi.php(92): CodeIgniter\Model->insert(Array)
#8 C:\laragon\www\presensi\system\CodeIgniter.php(933): App\Controllers\Admin\Presensi->simpan()
#9 C:\laragon\www\presensi\system\CodeIgniter.php(507): CodeIgniter\CodeIgniter->runController(Object(App\Controllers\Admin\Presensi))
#10 C:\laragon\www\presensi\system\CodeIgniter.php(354): CodeIgniter\CodeIgniter->handleRequest(NULL, Object(Config\Cache), false)
#11 C:\laragon\www\presensi\system\Boot.php(363): CodeIgniter\CodeIgniter->run()
#12 C:\laragon\www\presensi\system\Boot.php(68): CodeIgniter\Boot::runCodeIgniter(Object(CodeIgniter\CodeIgniter))
#13 C:\laragon\www\presensi\public\index.php(59): CodeIgniter\Boot::bootWeb(Object(Config\Paths))
#14 C:\laragon\www\presensi\system\rewrite.php(44): require_once('C:\\laragon\\www\\...')
#15 {main}
CRITICAL - 2026-04-18 14:55:56 --> CodeIgniter\Database\Exceptions\DatabaseException: Column 'latitude' cannot be null
[Method: POST, Route: admin/presensi/simpan]
in SYSTEMPATH\Database\BaseConnection.php on line 684.
 1 SYSTEMPATH\Database\BaseBuilder.php(2345): CodeIgniter\Database\BaseConnection->query('INSERT INTO `data_presensi` (`id_user`, `id_instansi`, `tanggal`, `jam_masuk`, `jam_pulang`, `foto_masuk`, `foto_pulang`, `latitude`, `longitude`, `status`) VALUES (:id_user:, :id_instansi:, :tanggal:, :jam_masuk:, :jam_pulang:, :foto_masuk:, :foto_pulang:, :latitude:, :longitude:, :status:)', [...], false)
 2 SYSTEMPATH\Model.php(394): CodeIgniter\Database\BaseBuilder->insert()
 3 SYSTEMPATH\BaseModel.php(838): CodeIgniter\Model->doInsert([...])
 4 SYSTEMPATH\Model.php(797): CodeIgniter\BaseModel->insert([...], true)
 5 APPPATH\Controllers\Admin\Presensi.php(92): CodeIgniter\Model->insert([...])
 6 SYSTEMPATH\CodeIgniter.php(933): App\Controllers\Admin\Presensi->simpan()
 7 SYSTEMPATH\CodeIgniter.php(507): CodeIgniter\CodeIgniter->runController(Object(App\Controllers\Admin\Presensi))
 8 SYSTEMPATH\CodeIgniter.php(354): CodeIgniter\CodeIgniter->handleRequest(null, Object(Config\Cache), false)
 9 SYSTEMPATH\Boot.php(363): CodeIgniter\CodeIgniter->run()
10 SYSTEMPATH\Boot.php(68): CodeIgniter\Boot::runCodeIgniter(Object(CodeIgniter\CodeIgniter))
11 FCPATH\index.php(59): CodeIgniter\Boot::bootWeb(Object(Config\Paths))
12 SYSTEMPATH\rewrite.php(44): require_once('C:\\laragon\\www\\presensi\\public\\index.php')
CRITICAL - 2026-04-18 14:55:56 --> [Caused by] CodeIgniter\Database\Exceptions\DatabaseException: Column 'latitude' cannot be null
in SYSTEMPATH\Database\MySQLi\Connection.php on line 332.
 1 SYSTEMPATH\Database\BaseConnection.php(729): CodeIgniter\Database\MySQLi\Connection->execute('INSERT INTO `data_presensi` (`id_user`, `id_instansi`, `tanggal`, `jam_masuk`, `jam_pulang`, `foto_masuk`, `foto_pulang`, `latitude`, `longitude`, `status`) VALUES (\'1\', \'13\', \'2026-04-16\', \'14:00\', \'15:00\', \'1776498956_a4bf46d61a1bf89ae364.jpg\', \'1776498956_6d9a3ea02b7b637c55ed.png\', NULL, NULL, \'hadir\')')
 2 SYSTEMPATH\Database\BaseConnection.php(646): CodeIgniter\Database\BaseConnection->simpleQuery('INSERT INTO `data_presensi` (`id_user`, `id_instansi`, `tanggal`, `jam_masuk`, `jam_pulang`, `foto_masuk`, `foto_pulang`, `latitude`, `longitude`, `status`) VALUES (\'1\', \'13\', \'2026-04-16\', \'14:00\', \'15:00\', \'1776498956_a4bf46d61a1bf89ae364.jpg\', \'1776498956_6d9a3ea02b7b637c55ed.png\', NULL, NULL, \'hadir\')')
 3 SYSTEMPATH\Database\BaseBuilder.php(2345): CodeIgniter\Database\BaseConnection->query('INSERT INTO `data_presensi` (`id_user`, `id_instansi`, `tanggal`, `jam_masuk`, `jam_pulang`, `foto_masuk`, `foto_pulang`, `latitude`, `longitude`, `status`) VALUES (:id_user:, :id_instansi:, :tanggal:, :jam_masuk:, :jam_pulang:, :foto_masuk:, :foto_pulang:, :latitude:, :longitude:, :status:)', [...], false)
 4 SYSTEMPATH\Model.php(394): CodeIgniter\Database\BaseBuilder->insert()
 5 SYSTEMPATH\BaseModel.php(838): CodeIgniter\Model->doInsert([...])
 6 SYSTEMPATH\Model.php(797): CodeIgniter\BaseModel->insert([...], true)
 7 APPPATH\Controllers\Admin\Presensi.php(92): CodeIgniter\Model->insert([...])
 8 SYSTEMPATH\CodeIgniter.php(933): App\Controllers\Admin\Presensi->simpan()
 9 SYSTEMPATH\CodeIgniter.php(507): CodeIgniter\CodeIgniter->runController(Object(App\Controllers\Admin\Presensi))
10 SYSTEMPATH\CodeIgniter.php(354): CodeIgniter\CodeIgniter->handleRequest(null, Object(Config\Cache), false)
11 SYSTEMPATH\Boot.php(363): CodeIgniter\CodeIgniter->run()
12 SYSTEMPATH\Boot.php(68): CodeIgniter\Boot::runCodeIgniter(Object(CodeIgniter\CodeIgniter))
13 FCPATH\index.php(59): CodeIgniter\Boot::bootWeb(Object(Config\Paths))
14 SYSTEMPATH\rewrite.php(44): require_once('C:\\laragon\\www\\presensi\\public\\index.php')
CRITICAL - 2026-04-18 14:55:56 --> [Caused by] mysqli_sql_exception: Column 'latitude' cannot be null
in SYSTEMPATH\Database\MySQLi\Connection.php on line 327.
 1 SYSTEMPATH\Database\MySQLi\Connection.php(327): mysqli->query('INSERT INTO `data_presensi` (`id_user`, `id_instansi`, `tanggal`, `jam_masuk`, `jam_pulang`, `foto_masuk`, `foto_pulang`, `latitude`, `longitude`, `status`) VALUES (\'1\', \'13\', \'2026-04-16\', \'14:00\', \'15:00\', \'1776498956_a4bf46d61a1bf89ae364.jpg\', \'1776498956_6d9a3ea02b7b637c55ed.png\', NULL, NULL, \'hadir\')', 0)
 2 SYSTEMPATH\Database\BaseConnection.php(729): CodeIgniter\Database\MySQLi\Connection->execute('INSERT INTO `data_presensi` (`id_user`, `id_instansi`, `tanggal`, `jam_masuk`, `jam_pulang`, `foto_masuk`, `foto_pulang`, `latitude`, `longitude`, `status`) VALUES (\'1\', \'13\', \'2026-04-16\', \'14:00\', \'15:00\', \'1776498956_a4bf46d61a1bf89ae364.jpg\', \'1776498956_6d9a3ea02b7b637c55ed.png\', NULL, NULL, \'hadir\')')
 3 SYSTEMPATH\Database\BaseConnection.php(646): CodeIgniter\Database\BaseConnection->simpleQuery('INSERT INTO `data_presensi` (`id_user`, `id_instansi`, `tanggal`, `jam_masuk`, `jam_pulang`, `foto_masuk`, `foto_pulang`, `latitude`, `longitude`, `status`) VALUES (\'1\', \'13\', \'2026-04-16\', \'14:00\', \'15:00\', \'1776498956_a4bf46d61a1bf89ae364.jpg\', \'1776498956_6d9a3ea02b7b637c55ed.png\', NULL, NULL, \'hadir\')')
 4 SYSTEMPATH\Database\BaseBuilder.php(2345): CodeIgniter\Database\BaseConnection->query('INSERT INTO `data_presensi` (`id_user`, `id_instansi`, `tanggal`, `jam_masuk`, `jam_pulang`, `foto_masuk`, `foto_pulang`, `latitude`, `longitude`, `status`) VALUES (:id_user:, :id_instansi:, :tanggal:, :jam_masuk:, :jam_pulang:, :foto_masuk:, :foto_pulang:, :latitude:, :longitude:, :status:)', [...], false)
 5 SYSTEMPATH\Model.php(394): CodeIgniter\Database\BaseBuilder->insert()
 6 SYSTEMPATH\BaseModel.php(838): CodeIgniter\Model->doInsert([...])
 7 SYSTEMPATH\Model.php(797): CodeIgniter\BaseModel->insert([...], true)
 8 APPPATH\Controllers\Admin\Presensi.php(92): CodeIgniter\Model->insert([...])
 9 SYSTEMPATH\CodeIgniter.php(933): App\Controllers\Admin\Presensi->simpan()
10 SYSTEMPATH\CodeIgniter.php(507): CodeIgniter\CodeIgniter->runController(Object(App\Controllers\Admin\Presensi))
11 SYSTEMPATH\CodeIgniter.php(354): CodeIgniter\CodeIgniter->handleRequest(null, Object(Config\Cache), false)
12 SYSTEMPATH\Boot.php(363): CodeIgniter\CodeIgniter->run()
13 SYSTEMPATH\Boot.php(68): CodeIgniter\Boot::runCodeIgniter(Object(CodeIgniter\CodeIgniter))
14 FCPATH\index.php(59): CodeIgniter\Boot::bootWeb(Object(Config\Paths))
15 SYSTEMPATH\rewrite.php(44): require_once('C:\\laragon\\www\\presensi\\public\\index.php')
DEBUG - 2026-04-18 15:04:34 --> Session: Class initialized using 'CodeIgniter\Session\Handlers\FileHandler' driver.
DEBUG - 2026-04-18 15:04:41 --> Session: Class initialized using 'CodeIgniter\Session\Handlers\FileHandler' driver.
ERROR - 2026-04-18 15:04:41 --> mysqli_sql_exception: Column 'latitude' cannot be null in C:\laragon\www\presensi\system\Database\MySQLi\Connection.php:327
Stack trace:
#0 C:\laragon\www\presensi\system\Database\MySQLi\Connection.php(327): mysqli->query('INSERT INTO `da...', 0)
#1 C:\laragon\www\presensi\system\Database\BaseConnection.php(729): CodeIgniter\Database\MySQLi\Connection->execute('INSERT INTO `da...')
#2 C:\laragon\www\presensi\system\Database\BaseConnection.php(646): CodeIgniter\Database\BaseConnection->simpleQuery('INSERT INTO `da...')
#3 C:\laragon\www\presensi\system\Database\BaseBuilder.php(2345): CodeIgniter\Database\BaseConnection->query('INSERT INTO `da...', Array, false)
#4 C:\laragon\www\presensi\system\Model.php(394): CodeIgniter\Database\BaseBuilder->insert()
#5 C:\laragon\www\presensi\system\BaseModel.php(838): CodeIgniter\Model->doInsert(Array)
#6 C:\laragon\www\presensi\system\Model.php(797): CodeIgniter\BaseModel->insert(Array, true)
#7 C:\laragon\www\presensi\app\Controllers\Admin\Presensi.php(92): CodeIgniter\Model->insert(Array)
#8 C:\laragon\www\presensi\system\CodeIgniter.php(933): App\Controllers\Admin\Presensi->simpan()
#9 C:\laragon\www\presensi\system\CodeIgniter.php(507): CodeIgniter\CodeIgniter->runController(Object(App\Controllers\Admin\Presensi))
#10 C:\laragon\www\presensi\system\CodeIgniter.php(354): CodeIgniter\CodeIgniter->handleRequest(NULL, Object(Config\Cache), false)
#11 C:\laragon\www\presensi\system\Boot.php(363): CodeIgniter\CodeIgniter->run()
#12 C:\laragon\www\presensi\system\Boot.php(68): CodeIgniter\Boot::runCodeIgniter(Object(CodeIgniter\CodeIgniter))
#13 C:\laragon\www\presensi\public\index.php(59): CodeIgniter\Boot::bootWeb(Object(Config\Paths))
#14 C:\laragon\www\presensi\system\rewrite.php(44): require_once('C:\\laragon\\www\\...')
#15 {main}
CRITICAL - 2026-04-18 15:04:41 --> CodeIgniter\Database\Exceptions\DatabaseException: Column 'latitude' cannot be null
[Method: POST, Route: admin/presensi/simpan]
in SYSTEMPATH\Database\BaseConnection.php on line 684.
 1 SYSTEMPATH\Database\BaseBuilder.php(2345): CodeIgniter\Database\BaseConnection->query('INSERT INTO `data_presensi` (`id_user`, `id_instansi`, `tanggal`, `jam_masuk`, `jam_pulang`, `foto_masuk`, `foto_pulang`, `latitude`, `longitude`, `status`) VALUES (:id_user:, :id_instansi:, :tanggal:, :jam_masuk:, :jam_pulang:, :foto_masuk:, :foto_pulang:, :latitude:, :longitude:, :status:)', [...], false)
 2 SYSTEMPATH\Model.php(394): CodeIgniter\Database\BaseBuilder->insert()
 3 SYSTEMPATH\BaseModel.php(838): CodeIgniter\Model->doInsert([...])
 4 SYSTEMPATH\Model.php(797): CodeIgniter\BaseModel->insert([...], true)
 5 APPPATH\Controllers\Admin\Presensi.php(92): CodeIgniter\Model->insert([...])
 6 SYSTEMPATH\CodeIgniter.php(933): App\Controllers\Admin\Presensi->simpan()
 7 SYSTEMPATH\CodeIgniter.php(507): CodeIgniter\CodeIgniter->runController(Object(App\Controllers\Admin\Presensi))
 8 SYSTEMPATH\CodeIgniter.php(354): CodeIgniter\CodeIgniter->handleRequest(null, Object(Config\Cache), false)
 9 SYSTEMPATH\Boot.php(363): CodeIgniter\CodeIgniter->run()
10 SYSTEMPATH\Boot.php(68): CodeIgniter\Boot::runCodeIgniter(Object(CodeIgniter\CodeIgniter))
11 FCPATH\index.php(59): CodeIgniter\Boot::bootWeb(Object(Config\Paths))
12 SYSTEMPATH\rewrite.php(44): require_once('C:\\laragon\\www\\presensi\\public\\index.php')
CRITICAL - 2026-04-18 15:04:41 --> [Caused by] CodeIgniter\Database\Exceptions\DatabaseException: Column 'latitude' cannot be null
in SYSTEMPATH\Database\MySQLi\Connection.php on line 332.
 1 SYSTEMPATH\Database\BaseConnection.php(729): CodeIgniter\Database\MySQLi\Connection->execute('INSERT INTO `data_presensi` (`id_user`, `id_instansi`, `tanggal`, `jam_masuk`, `jam_pulang`, `foto_masuk`, `foto_pulang`, `latitude`, `longitude`, `status`) VALUES (\'1\', \'13\', \'2026-04-16\', \'14:00\', \'15:00\', \'1776499481_18d07144e78c04ba4f91.jpg\', \'1776499481_acc1693469c4c2088cfa.png\', NULL, NULL, \'hadir\')')
 2 SYSTEMPATH\Database\BaseConnection.php(646): CodeIgniter\Database\BaseConnection->simpleQuery('INSERT INTO `data_presensi` (`id_user`, `id_instansi`, `tanggal`, `jam_masuk`, `jam_pulang`, `foto_masuk`, `foto_pulang`, `latitude`, `longitude`, `status`) VALUES (\'1\', \'13\', \'2026-04-16\', \'14:00\', \'15:00\', \'1776499481_18d07144e78c04ba4f91.jpg\', \'1776499481_acc1693469c4c2088cfa.png\', NULL, NULL, \'hadir\')')
 3 SYSTEMPATH\Database\BaseBuilder.php(2345): CodeIgniter\Database\BaseConnection->query('INSERT INTO `data_presensi` (`id_user`, `id_instansi`, `tanggal`, `jam_masuk`, `jam_pulang`, `foto_masuk`, `foto_pulang`, `latitude`, `longitude`, `status`) VALUES (:id_user:, :id_instansi:, :tanggal:, :jam_masuk:, :jam_pulang:, :foto_masuk:, :foto_pulang:, :latitude:, :longitude:, :status:)', [...], false)
 4 SYSTEMPATH\Model.php(394): CodeIgniter\Database\BaseBuilder->insert()
 5 SYSTEMPATH\BaseModel.php(838): CodeIgniter\Model->doInsert([...])
 6 SYSTEMPATH\Model.php(797): CodeIgniter\BaseModel->insert([...], true)
 7 APPPATH\Controllers\Admin\Presensi.php(92): CodeIgniter\Model->insert([...])
 8 SYSTEMPATH\CodeIgniter.php(933): App\Controllers\Admin\Presensi->simpan()
 9 SYSTEMPATH\CodeIgniter.php(507): CodeIgniter\CodeIgniter->runController(Object(App\Controllers\Admin\Presensi))
10 SYSTEMPATH\CodeIgniter.php(354): CodeIgniter\CodeIgniter->handleRequest(null, Object(Config\Cache), false)
11 SYSTEMPATH\Boot.php(363): CodeIgniter\CodeIgniter->run()
12 SYSTEMPATH\Boot.php(68): CodeIgniter\Boot::runCodeIgniter(Object(CodeIgniter\CodeIgniter))
13 FCPATH\index.php(59): CodeIgniter\Boot::bootWeb(Object(Config\Paths))
14 SYSTEMPATH\rewrite.php(44): require_once('C:\\laragon\\www\\presensi\\public\\index.php')
CRITICAL - 2026-04-18 15:04:41 --> [Caused by] mysqli_sql_exception: Column 'latitude' cannot be null
in SYSTEMPATH\Database\MySQLi\Connection.php on line 327.
 1 SYSTEMPATH\Database\MySQLi\Connection.php(327): mysqli->query('INSERT INTO `data_presensi` (`id_user`, `id_instansi`, `tanggal`, `jam_masuk`, `jam_pulang`, `foto_masuk`, `foto_pulang`, `latitude`, `longitude`, `status`) VALUES (\'1\', \'13\', \'2026-04-16\', \'14:00\', \'15:00\', \'1776499481_18d07144e78c04ba4f91.jpg\', \'1776499481_acc1693469c4c2088cfa.png\', NULL, NULL, \'hadir\')', 0)
 2 SYSTEMPATH\Database\BaseConnection.php(729): CodeIgniter\Database\MySQLi\Connection->execute('INSERT INTO `data_presensi` (`id_user`, `id_instansi`, `tanggal`, `jam_masuk`, `jam_pulang`, `foto_masuk`, `foto_pulang`, `latitude`, `longitude`, `status`) VALUES (\'1\', \'13\', \'2026-04-16\', \'14:00\', \'15:00\', \'1776499481_18d07144e78c04ba4f91.jpg\', \'1776499481_acc1693469c4c2088cfa.png\', NULL, NULL, \'hadir\')')
 3 SYSTEMPATH\Database\BaseConnection.php(646): CodeIgniter\Database\BaseConnection->simpleQuery('INSERT INTO `data_presensi` (`id_user`, `id_instansi`, `tanggal`, `jam_masuk`, `jam_pulang`, `foto_masuk`, `foto_pulang`, `latitude`, `longitude`, `status`) VALUES (\'1\', \'13\', \'2026-04-16\', \'14:00\', \'15:00\', \'1776499481_18d07144e78c04ba4f91.jpg\', \'1776499481_acc1693469c4c2088cfa.png\', NULL, NULL, \'hadir\')')
 4 SYSTEMPATH\Database\BaseBuilder.php(2345): CodeIgniter\Database\BaseConnection->query('INSERT INTO `data_presensi` (`id_user`, `id_instansi`, `tanggal`, `jam_masuk`, `jam_pulang`, `foto_masuk`, `foto_pulang`, `latitude`, `longitude`, `status`) VALUES (:id_user:, :id_instansi:, :tanggal:, :jam_masuk:, :jam_pulang:, :foto_masuk:, :foto_pulang:, :latitude:, :longitude:, :status:)', [...], false)
 5 SYSTEMPATH\Model.php(394): CodeIgniter\Database\BaseBuilder->insert()
 6 SYSTEMPATH\BaseModel.php(838): CodeIgniter\Model->doInsert([...])
 7 SYSTEMPATH\Model.php(797): CodeIgniter\BaseModel->insert([...], true)
 8 APPPATH\Controllers\Admin\Presensi.php(92): CodeIgniter\Model->insert([...])
 9 SYSTEMPATH\CodeIgniter.php(933): App\Controllers\Admin\Presensi->simpan()
10 SYSTEMPATH\CodeIgniter.php(507): CodeIgniter\CodeIgniter->runController(Object(App\Controllers\Admin\Presensi))
11 SYSTEMPATH\CodeIgniter.php(354): CodeIgniter\CodeIgniter->handleRequest(null, Object(Config\Cache), false)
12 SYSTEMPATH\Boot.php(363): CodeIgniter\CodeIgniter->run()
13 SYSTEMPATH\Boot.php(68): CodeIgniter\Boot::runCodeIgniter(Object(CodeIgniter\CodeIgniter))
14 FCPATH\index.php(59): CodeIgniter\Boot::bootWeb(Object(Config\Paths))
15 SYSTEMPATH\rewrite.php(44): require_once('C:\\laragon\\www\\presensi\\public\\index.php')
DEBUG - 2026-04-18 15:36:29 --> Session: Class initialized using 'CodeIgniter\Session\Handlers\FileHandler' driver.
DEBUG - 2026-04-18 15:36:40 --> Session: Class initialized using 'CodeIgniter\Session\Handlers\FileHandler' driver.
ERROR - 2026-04-18 15:36:40 --> mysqli_sql_exception: Column 'latitude' cannot be null in C:\laragon\www\presensi\system\Database\MySQLi\Connection.php:327
Stack trace:
#0 C:\laragon\www\presensi\system\Database\MySQLi\Connection.php(327): mysqli->query('INSERT INTO `da...', 0)
#1 C:\laragon\www\presensi\system\Database\BaseConnection.php(729): CodeIgniter\Database\MySQLi\Connection->execute('INSERT INTO `da...')
#2 C:\laragon\www\presensi\system\Database\BaseConnection.php(646): CodeIgniter\Database\BaseConnection->simpleQuery('INSERT INTO `da...')
#3 C:\laragon\www\presensi\system\Database\BaseBuilder.php(2345): CodeIgniter\Database\BaseConnection->query('INSERT INTO `da...', Array, false)
#4 C:\laragon\www\presensi\system\Model.php(394): CodeIgniter\Database\BaseBuilder->insert()
#5 C:\laragon\www\presensi\system\BaseModel.php(838): CodeIgniter\Model->doInsert(Array)
#6 C:\laragon\www\presensi\system\Model.php(797): CodeIgniter\BaseModel->insert(Array, true)
#7 C:\laragon\www\presensi\app\Controllers\Admin\Presensi.php(93): CodeIgniter\Model->insert(Array)
#8 C:\laragon\www\presensi\system\CodeIgniter.php(933): App\Controllers\Admin\Presensi->simpan()
#9 C:\laragon\www\presensi\system\CodeIgniter.php(507): CodeIgniter\CodeIgniter->runController(Object(App\Controllers\Admin\Presensi))
#10 C:\laragon\www\presensi\system\CodeIgniter.php(354): CodeIgniter\CodeIgniter->handleRequest(NULL, Object(Config\Cache), false)
#11 C:\laragon\www\presensi\system\Boot.php(363): CodeIgniter\CodeIgniter->run()
#12 C:\laragon\www\presensi\system\Boot.php(68): CodeIgniter\Boot::runCodeIgniter(Object(CodeIgniter\CodeIgniter))
#13 C:\laragon\www\presensi\public\index.php(59): CodeIgniter\Boot::bootWeb(Object(Config\Paths))
#14 C:\laragon\www\presensi\system\rewrite.php(44): require_once('C:\\laragon\\www\\...')
#15 {main}
CRITICAL - 2026-04-18 15:36:40 --> CodeIgniter\Database\Exceptions\DatabaseException: Column 'latitude' cannot be null
[Method: POST, Route: admin/presensi/simpan]
in SYSTEMPATH\Database\BaseConnection.php on line 684.
 1 SYSTEMPATH\Database\BaseBuilder.php(2345): CodeIgniter\Database\BaseConnection->query('INSERT INTO `data_presensi` (`id_user`, `id_instansi`, `tanggal`, `jam_masuk`, `jam_pulang`, `foto_masuk`, `foto_pulang`, `latitude`, `longitude`, `status`) VALUES (:id_user:, :id_instansi:, :tanggal:, :jam_masuk:, :jam_pulang:, :foto_masuk:, :foto_pulang:, :latitude:, :longitude:, :status:)', [...], false)
 2 SYSTEMPATH\Model.php(394): CodeIgniter\Database\BaseBuilder->insert()
 3 SYSTEMPATH\BaseModel.php(838): CodeIgniter\Model->doInsert([...])
 4 SYSTEMPATH\Model.php(797): CodeIgniter\BaseModel->insert([...], true)
 5 APPPATH\Controllers\Admin\Presensi.php(93): CodeIgniter\Model->insert([...])
 6 SYSTEMPATH\CodeIgniter.php(933): App\Controllers\Admin\Presensi->simpan()
 7 SYSTEMPATH\CodeIgniter.php(507): CodeIgniter\CodeIgniter->runController(Object(App\Controllers\Admin\Presensi))
 8 SYSTEMPATH\CodeIgniter.php(354): CodeIgniter\CodeIgniter->handleRequest(null, Object(Config\Cache), false)
 9 SYSTEMPATH\Boot.php(363): CodeIgniter\CodeIgniter->run()
10 SYSTEMPATH\Boot.php(68): CodeIgniter\Boot::runCodeIgniter(Object(CodeIgniter\CodeIgniter))
11 FCPATH\index.php(59): CodeIgniter\Boot::bootWeb(Object(Config\Paths))
12 SYSTEMPATH\rewrite.php(44): require_once('C:\\laragon\\www\\presensi\\public\\index.php')
CRITICAL - 2026-04-18 15:36:40 --> [Caused by] CodeIgniter\Database\Exceptions\DatabaseException: Column 'latitude' cannot be null
in SYSTEMPATH\Database\MySQLi\Connection.php on line 332.
 1 SYSTEMPATH\Database\BaseConnection.php(729): CodeIgniter\Database\MySQLi\Connection->execute('INSERT INTO `data_presensi` (`id_user`, `id_instansi`, `tanggal`, `jam_masuk`, `jam_pulang`, `foto_masuk`, `foto_pulang`, `latitude`, `longitude`, `status`) VALUES (\'1\', \'13\', \'2026-04-16\', \'14:00\', \'15:00\', \'1776501400_2818aea2a9a12b0e9518.jpg\', \'1776501400_030dafefa54b6870bd5e.png\', NULL, NULL, \'hadir\')')
 2 SYSTEMPATH\Database\BaseConnection.php(646): CodeIgniter\Database\BaseConnection->simpleQuery('INSERT INTO `data_presensi` (`id_user`, `id_instansi`, `tanggal`, `jam_masuk`, `jam_pulang`, `foto_masuk`, `foto_pulang`, `latitude`, `longitude`, `status`) VALUES (\'1\', \'13\', \'2026-04-16\', \'14:00\', \'15:00\', \'1776501400_2818aea2a9a12b0e9518.jpg\', \'1776501400_030dafefa54b6870bd5e.png\', NULL, NULL, \'hadir\')')
 3 SYSTEMPATH\Database\BaseBuilder.php(2345): CodeIgniter\Database\BaseConnection->query('INSERT INTO `data_presensi` (`id_user`, `id_instansi`, `tanggal`, `jam_masuk`, `jam_pulang`, `foto_masuk`, `foto_pulang`, `latitude`, `longitude`, `status`) VALUES (:id_user:, :id_instansi:, :tanggal:, :jam_masuk:, :jam_pulang:, :foto_masuk:, :foto_pulang:, :latitude:, :longitude:, :status:)', [...], false)
 4 SYSTEMPATH\Model.php(394): CodeIgniter\Database\BaseBuilder->insert()
 5 SYSTEMPATH\BaseModel.php(838): CodeIgniter\Model->doInsert([...])
 6 SYSTEMPATH\Model.php(797): CodeIgniter\BaseModel->insert([...], true)
 7 APPPATH\Controllers\Admin\Presensi.php(93): CodeIgniter\Model->insert([...])
 8 SYSTEMPATH\CodeIgniter.php(933): App\Controllers\Admin\Presensi->simpan()
 9 SYSTEMPATH\CodeIgniter.php(507): CodeIgniter\CodeIgniter->runController(Object(App\Controllers\Admin\Presensi))
10 SYSTEMPATH\CodeIgniter.php(354): CodeIgniter\CodeIgniter->handleRequest(null, Object(Config\Cache), false)
11 SYSTEMPATH\Boot.php(363): CodeIgniter\CodeIgniter->run()
12 SYSTEMPATH\Boot.php(68): CodeIgniter\Boot::runCodeIgniter(Object(CodeIgniter\CodeIgniter))
13 FCPATH\index.php(59): CodeIgniter\Boot::bootWeb(Object(Config\Paths))
14 SYSTEMPATH\rewrite.php(44): require_once('C:\\laragon\\www\\presensi\\public\\index.php')
CRITICAL - 2026-04-18 15:36:40 --> [Caused by] mysqli_sql_exception: Column 'latitude' cannot be null
in SYSTEMPATH\Database\MySQLi\Connection.php on line 327.
 1 SYSTEMPATH\Database\MySQLi\Connection.php(327): mysqli->query('INSERT INTO `data_presensi` (`id_user`, `id_instansi`, `tanggal`, `jam_masuk`, `jam_pulang`, `foto_masuk`, `foto_pulang`, `latitude`, `longitude`, `status`) VALUES (\'1\', \'13\', \'2026-04-16\', \'14:00\', \'15:00\', \'1776501400_2818aea2a9a12b0e9518.jpg\', \'1776501400_030dafefa54b6870bd5e.png\', NULL, NULL, \'hadir\')', 0)
 2 SYSTEMPATH\Database\BaseConnection.php(729): CodeIgniter\Database\MySQLi\Connection->execute('INSERT INTO `data_presensi` (`id_user`, `id_instansi`, `tanggal`, `jam_masuk`, `jam_pulang`, `foto_masuk`, `foto_pulang`, `latitude`, `longitude`, `status`) VALUES (\'1\', \'13\', \'2026-04-16\', \'14:00\', \'15:00\', \'1776501400_2818aea2a9a12b0e9518.jpg\', \'1776501400_030dafefa54b6870bd5e.png\', NULL, NULL, \'hadir\')')
 3 SYSTEMPATH\Database\BaseConnection.php(646): CodeIgniter\Database\BaseConnection->simpleQuery('INSERT INTO `data_presensi` (`id_user`, `id_instansi`, `tanggal`, `jam_masuk`, `jam_pulang`, `foto_masuk`, `foto_pulang`, `latitude`, `longitude`, `status`) VALUES (\'1\', \'13\', \'2026-04-16\', \'14:00\', \'15:00\', \'1776501400_2818aea2a9a12b0e9518.jpg\', \'1776501400_030dafefa54b6870bd5e.png\', NULL, NULL, \'hadir\')')
 4 SYSTEMPATH\Database\BaseBuilder.php(2345): CodeIgniter\Database\BaseConnection->query('INSERT INTO `data_presensi` (`id_user`, `id_instansi`, `tanggal`, `jam_masuk`, `jam_pulang`, `foto_masuk`, `foto_pulang`, `latitude`, `longitude`, `status`) VALUES (:id_user:, :id_instansi:, :tanggal:, :jam_masuk:, :jam_pulang:, :foto_masuk:, :foto_pulang:, :latitude:, :longitude:, :status:)', [...], false)
 5 SYSTEMPATH\Model.php(394): CodeIgniter\Database\BaseBuilder->insert()
 6 SYSTEMPATH\BaseModel.php(838): CodeIgniter\Model->doInsert([...])
 7 SYSTEMPATH\Model.php(797): CodeIgniter\BaseModel->insert([...], true)
 8 APPPATH\Controllers\Admin\Presensi.php(93): CodeIgniter\Model->insert([...])
 9 SYSTEMPATH\CodeIgniter.php(933): App\Controllers\Admin\Presensi->simpan()
10 SYSTEMPATH\CodeIgniter.php(507): CodeIgniter\CodeIgniter->runController(Object(App\Controllers\Admin\Presensi))
11 SYSTEMPATH\CodeIgniter.php(354): CodeIgniter\CodeIgniter->handleRequest(null, Object(Config\Cache), false)
12 SYSTEMPATH\Boot.php(363): CodeIgniter\CodeIgniter->run()
13 SYSTEMPATH\Boot.php(68): CodeIgniter\Boot::runCodeIgniter(Object(CodeIgniter\CodeIgniter))
14 FCPATH\index.php(59): CodeIgniter\Boot::bootWeb(Object(Config\Paths))
15 SYSTEMPATH\rewrite.php(44): require_once('C:\\laragon\\www\\presensi\\public\\index.php')
DEBUG - 2026-04-18 15:42:03 --> Session: Class initialized using 'CodeIgniter\Session\Handlers\FileHandler' driver.
DEBUG - 2026-04-18 15:42:17 --> Session: Class initialized using 'CodeIgniter\Session\Handlers\FileHandler' driver.
DEBUG - 2026-04-18 15:42:25 --> Session: Class initialized using 'CodeIgniter\Session\Handlers\FileHandler' driver.
DEBUG - 2026-04-18 15:43:24 --> Session: Class initialized using 'CodeIgniter\Session\Handlers\FileHandler' driver.
DEBUG - 2026-04-18 15:43:24 --> Session: Class initialized using 'CodeIgniter\Session\Handlers\FileHandler' driver.
DEBUG - 2026-04-18 15:43:32 --> Session: Class initialized using 'CodeIgniter\Session\Handlers\FileHandler' driver.
DEBUG - 2026-04-18 15:43:39 --> Session: Class initialized using 'CodeIgniter\Session\Handlers\FileHandler' driver.
DEBUG - 2026-04-18 15:47:20 --> Session: Class initialized using 'CodeIgniter\Session\Handlers\FileHandler' driver.
DEBUG - 2026-04-18 15:48:17 --> Session: Class initialized using 'CodeIgniter\Session\Handlers\FileHandler' driver.
ERROR - 2026-04-18 15:48:17 --> mysqli_sql_exception: Cannot add or update a child row: a foreign key constraint fails (`presensi`.`data_presensi`, CONSTRAINT `data_presensi_ibfk_1` FOREIGN KEY (`id_user`) REFERENCES `user` (`id_user`) ON DELETE RESTRICT ON UPDATE RESTRICT) in C:\laragon\www\presensi\system\Database\MySQLi\Connection.php:327
Stack trace:
#0 C:\laragon\www\presensi\system\Database\MySQLi\Connection.php(327): mysqli->query('UPDATE `data_pr...', 0)
#1 C:\laragon\www\presensi\system\Database\BaseConnection.php(729): CodeIgniter\Database\MySQLi\Connection->execute('UPDATE `data_pr...')
#2 C:\laragon\www\presensi\system\Database\BaseConnection.php(646): CodeIgniter\Database\BaseConnection->simpleQuery('UPDATE `data_pr...')
#3 C:\laragon\www\presensi\system\Database\BaseBuilder.php(2521): CodeIgniter\Database\BaseConnection->query('UPDATE `data_pr...', Array, false)
#4 C:\laragon\www\presensi\system\Model.php(461): CodeIgniter\Database\BaseBuilder->update()
#5 C:\laragon\www\presensi\system\BaseModel.php(1025): CodeIgniter\Model->doUpdate(Array, Array)
#6 C:\laragon\www\presensi\system\Model.php(860): CodeIgniter\BaseModel->update(Array, Array)
#7 C:\laragon\www\presensi\app\Controllers\Admin\Presensi.php(163): CodeIgniter\Model->update('2', Array)
#8 C:\laragon\www\presensi\system\CodeIgniter.php(933): App\Controllers\Admin\Presensi->update('2')
#9 C:\laragon\www\presensi\system\CodeIgniter.php(507): CodeIgniter\CodeIgniter->runController(Object(App\Controllers\Admin\Presensi))
#10 C:\laragon\www\presensi\system\CodeIgniter.php(354): CodeIgniter\CodeIgniter->handleRequest(NULL, Object(Config\Cache), false)
#11 C:\laragon\www\presensi\system\Boot.php(363): CodeIgniter\CodeIgniter->run()
#12 C:\laragon\www\presensi\system\Boot.php(68): CodeIgniter\Boot::runCodeIgniter(Object(CodeIgniter\CodeIgniter))
#13 C:\laragon\www\presensi\public\index.php(59): CodeIgniter\Boot::bootWeb(Object(Config\Paths))
#14 C:\laragon\www\presensi\system\rewrite.php(44): require_once('C:\\laragon\\www\\...')
#15 {main}
CRITICAL - 2026-04-18 15:48:17 --> CodeIgniter\Database\Exceptions\DatabaseException: Cannot add or update a child row: a foreign key constraint fails (`presensi`.`data_presensi`, CONSTRAINT `data_presensi_ibfk_1` FOREIGN KEY (`id_user`) REFERENCES `user` (`id_user`) ON DELETE RESTRICT ON UPDATE RESTRICT)
[Method: POST, Route: admin/presensi/update/2]
in SYSTEMPATH\Database\BaseConnection.php on line 684.
 1 SYSTEMPATH\Database\BaseBuilder.php(2521): CodeIgniter\Database\BaseConnection->query('UPDATE `data_presensi` SET `id_user` = :id_user:, `id_instansi` = :id_instansi:, `tanggal` = :tanggal:, `jam_masuk` = :jam_masuk:, `jam_pulang` = :jam_pulang:, `foto_masuk` = :foto_masuk:, `foto_pulang` = :foto_pulang:, `status` = :status:
WHERE `data_presensi`.`id_presensi` IN :data_presensi.id_presensi:', [...], false)
 2 SYSTEMPATH\Model.php(461): CodeIgniter\Database\BaseBuilder->update()
 3 SYSTEMPATH\BaseModel.php(1025): CodeIgniter\Model->doUpdate([...], [...])
 4 SYSTEMPATH\Model.php(860): CodeIgniter\BaseModel->update([...], [...])
 5 APPPATH\Controllers\Admin\Presensi.php(163): CodeIgniter\Model->update('2', [...])
 6 SYSTEMPATH\CodeIgniter.php(933): App\Controllers\Admin\Presensi->update('2')
 7 SYSTEMPATH\CodeIgniter.php(507): CodeIgniter\CodeIgniter->runController(Object(App\Controllers\Admin\Presensi))
 8 SYSTEMPATH\CodeIgniter.php(354): CodeIgniter\CodeIgniter->handleRequest(null, Object(Config\Cache), false)
 9 SYSTEMPATH\Boot.php(363): CodeIgniter\CodeIgniter->run()
10 SYSTEMPATH\Boot.php(68): CodeIgniter\Boot::runCodeIgniter(Object(CodeIgniter\CodeIgniter))
11 FCPATH\index.php(59): CodeIgniter\Boot::bootWeb(Object(Config\Paths))
12 SYSTEMPATH\rewrite.php(44): require_once('C:\\laragon\\www\\presensi\\public\\index.php')
CRITICAL - 2026-04-18 15:48:17 --> [Caused by] CodeIgniter\Database\Exceptions\DatabaseException: Cannot add or update a child row: a foreign key constraint fails (`presensi`.`data_presensi`, CONSTRAINT `data_presensi_ibfk_1` FOREIGN KEY (`id_user`) REFERENCES `user` (`id_user`) ON DELETE RESTRICT ON UPDATE RESTRICT)
in SYSTEMPATH\Database\MySQLi\Connection.php on line 332.
 1 SYSTEMPATH\Database\BaseConnection.php(729): CodeIgniter\Database\MySQLi\Connection->execute('UPDATE `data_presensi` SET `id_user` = NULL, `id_instansi` = NULL, `tanggal` = \'2026-04-08\', `jam_masuk` = \'17:09:11\', `jam_pulang` = \'18:49:43\', `foto_masuk` = \'69d62947e54c5.png\', `foto_pulang` = \'pulang_1775648983.png\', `status` = \'hadir\'
WHERE `data_presensi`.`id_presensi` IN (\'2\')')
 2 SYSTEMPATH\Database\BaseConnection.php(646): CodeIgniter\Database\BaseConnection->simpleQuery('UPDATE `data_presensi` SET `id_user` = NULL, `id_instansi` = NULL, `tanggal` = \'2026-04-08\', `jam_masuk` = \'17:09:11\', `jam_pulang` = \'18:49:43\', `foto_masuk` = \'69d62947e54c5.png\', `foto_pulang` = \'pulang_1775648983.png\', `status` = \'hadir\'
WHERE `data_presensi`.`id_presensi` IN (\'2\')')
 3 SYSTEMPATH\Database\BaseBuilder.php(2521): CodeIgniter\Database\BaseConnection->query('UPDATE `data_presensi` SET `id_user` = :id_user:, `id_instansi` = :id_instansi:, `tanggal` = :tanggal:, `jam_masuk` = :jam_masuk:, `jam_pulang` = :jam_pulang:, `foto_masuk` = :foto_masuk:, `foto_pulang` = :foto_pulang:, `status` = :status:
WHERE `data_presensi`.`id_presensi` IN :data_presensi.id_presensi:', [...], false)
 4 SYSTEMPATH\Model.php(461): CodeIgniter\Database\BaseBuilder->update()
 5 SYSTEMPATH\BaseModel.php(1025): CodeIgniter\Model->doUpdate([...], [...])
 6 SYSTEMPATH\Model.php(860): CodeIgniter\BaseModel->update([...], [...])
 7 APPPATH\Controllers\Admin\Presensi.php(163): CodeIgniter\Model->update('2', [...])
 8 SYSTEMPATH\CodeIgniter.php(933): App\Controllers\Admin\Presensi->update('2')
 9 SYSTEMPATH\CodeIgniter.php(507): CodeIgniter\CodeIgniter->runController(Object(App\Controllers\Admin\Presensi))
10 SYSTEMPATH\CodeIgniter.php(354): CodeIgniter\CodeIgniter->handleRequest(null, Object(Config\Cache), false)
11 SYSTEMPATH\Boot.php(363): CodeIgniter\CodeIgniter->run()
12 SYSTEMPATH\Boot.php(68): CodeIgniter\Boot::runCodeIgniter(Object(CodeIgniter\CodeIgniter))
13 FCPATH\index.php(59): CodeIgniter\Boot::bootWeb(Object(Config\Paths))
14 SYSTEMPATH\rewrite.php(44): require_once('C:\\laragon\\www\\presensi\\public\\index.php')
CRITICAL - 2026-04-18 15:48:17 --> [Caused by] mysqli_sql_exception: Cannot add or update a child row: a foreign key constraint fails (`presensi`.`data_presensi`, CONSTRAINT `data_presensi_ibfk_1` FOREIGN KEY (`id_user`) REFERENCES `user` (`id_user`) ON DELETE RESTRICT ON UPDATE RESTRICT)
in SYSTEMPATH\Database\MySQLi\Connection.php on line 327.
 1 SYSTEMPATH\Database\MySQLi\Connection.php(327): mysqli->query('UPDATE `data_presensi` SET `id_user` = NULL, `id_instansi` = NULL, `tanggal` = \'2026-04-08\', `jam_masuk` = \'17:09:11\', `jam_pulang` = \'18:49:43\', `foto_masuk` = \'69d62947e54c5.png\', `foto_pulang` = \'pulang_1775648983.png\', `status` = \'hadir\'
WHERE `data_presensi`.`id_presensi` IN (\'2\')', 0)
 2 SYSTEMPATH\Database\BaseConnection.php(729): CodeIgniter\Database\MySQLi\Connection->execute('UPDATE `data_presensi` SET `id_user` = NULL, `id_instansi` = NULL, `tanggal` = \'2026-04-08\', `jam_masuk` = \'17:09:11\', `jam_pulang` = \'18:49:43\', `foto_masuk` = \'69d62947e54c5.png\', `foto_pulang` = \'pulang_1775648983.png\', `status` = \'hadir\'
WHERE `data_presensi`.`id_presensi` IN (\'2\')')
 3 SYSTEMPATH\Database\BaseConnection.php(646): CodeIgniter\Database\BaseConnection->simpleQuery('UPDATE `data_presensi` SET `id_user` = NULL, `id_instansi` = NULL, `tanggal` = \'2026-04-08\', `jam_masuk` = \'17:09:11\', `jam_pulang` = \'18:49:43\', `foto_masuk` = \'69d62947e54c5.png\', `foto_pulang` = \'pulang_1775648983.png\', `status` = \'hadir\'
WHERE `data_presensi`.`id_presensi` IN (\'2\')')
 4 SYSTEMPATH\Database\BaseBuilder.php(2521): CodeIgniter\Database\BaseConnection->query('UPDATE `data_presensi` SET `id_user` = :id_user:, `id_instansi` = :id_instansi:, `tanggal` = :tanggal:, `jam_masuk` = :jam_masuk:, `jam_pulang` = :jam_pulang:, `foto_masuk` = :foto_masuk:, `foto_pulang` = :foto_pulang:, `status` = :status:
WHERE `data_presensi`.`id_presensi` IN :data_presensi.id_presensi:', [...], false)
 5 SYSTEMPATH\Model.php(461): CodeIgniter\Database\BaseBuilder->update()
 6 SYSTEMPATH\BaseModel.php(1025): CodeIgniter\Model->doUpdate([...], [...])
 7 SYSTEMPATH\Model.php(860): CodeIgniter\BaseModel->update([...], [...])
 8 APPPATH\Controllers\Admin\Presensi.php(163): CodeIgniter\Model->update('2', [...])
 9 SYSTEMPATH\CodeIgniter.php(933): App\Controllers\Admin\Presensi->update('2')
10 SYSTEMPATH\CodeIgniter.php(507): CodeIgniter\CodeIgniter->runController(Object(App\Controllers\Admin\Presensi))
11 SYSTEMPATH\CodeIgniter.php(354): CodeIgniter\CodeIgniter->handleRequest(null, Object(Config\Cache), false)
12 SYSTEMPATH\Boot.php(363): CodeIgniter\CodeIgniter->run()
13 SYSTEMPATH\Boot.php(68): CodeIgniter\Boot::runCodeIgniter(Object(CodeIgniter\CodeIgniter))
14 FCPATH\index.php(59): CodeIgniter\Boot::bootWeb(Object(Config\Paths))
15 SYSTEMPATH\rewrite.php(44): require_once('C:\\laragon\\www\\presensi\\public\\index.php')
DEBUG - 2026-04-18 15:48:29 --> Session: Class initialized using 'CodeIgniter\Session\Handlers\FileHandler' driver.
DEBUG - 2026-04-18 15:52:51 --> Session: Class initialized using 'CodeIgniter\Session\Handlers\FileHandler' driver.
DEBUG - 2026-04-18 15:52:56 --> Session: Class initialized using 'CodeIgniter\Session\Handlers\FileHandler' driver.
DEBUG - 2026-04-18 15:53:10 --> Session: Class initialized using 'CodeIgniter\Session\Handlers\FileHandler' driver.
DEBUG - 2026-04-18 15:53:11 --> Session: Class initialized using 'CodeIgniter\Session\Handlers\FileHandler' driver.
DEBUG - 2026-04-18 15:53:16 --> Session: Class initialized using 'CodeIgniter\Session\Handlers\FileHandler' driver.
DEBUG - 2026-04-18 15:53:35 --> Session: Class initialized using 'CodeIgniter\Session\Handlers\FileHandler' driver.
DEBUG - 2026-04-18 15:53:36 --> Session: Class initialized using 'CodeIgniter\Session\Handlers\FileHandler' driver.
DEBUG - 2026-04-18 15:53:44 --> Session: Class initialized using 'CodeIgniter\Session\Handlers\FileHandler' driver.
DEBUG - 2026-04-18 15:53:45 --> Session: Class initialized using 'CodeIgniter\Session\Handlers\FileHandler' driver.
DEBUG - 2026-04-18 15:53:48 --> Session: Class initialized using 'CodeIgniter\Session\Handlers\FileHandler' driver.
DEBUG - 2026-04-18 15:54:18 --> Session: Class initialized using 'CodeIgniter\Session\Handlers\FileHandler' driver.
DEBUG - 2026-04-18 15:54:19 --> Session: Class initialized using 'CodeIgniter\Session\Handlers\FileHandler' driver.
DEBUG - 2026-04-18 15:54:27 --> Session: Class initialized using 'CodeIgniter\Session\Handlers\FileHandler' driver.
DEBUG - 2026-04-18 15:54:28 --> Session: Class initialized using 'CodeIgniter\Session\Handlers\FileHandler' driver.
DEBUG - 2026-04-18 15:54:32 --> Session: Class initialized using 'CodeIgniter\Session\Handlers\FileHandler' driver.
DEBUG - 2026-04-18 15:55:28 --> Session: Class initialized using 'CodeIgniter\Session\Handlers\FileHandler' driver.
DEBUG - 2026-04-18 15:55:34 --> Session: Class initialized using 'CodeIgniter\Session\Handlers\FileHandler' driver.
DEBUG - 2026-04-18 15:55:34 --> Session: Class initialized using 'CodeIgniter\Session\Handlers\FileHandler' driver.
WARNING - 2026-04-18 15:55:34 --> [DEPRECATED] Function strftime() is deprecated in APPPATH\Views\dashboard\index.php on line 18.
 1 SYSTEMPATH\View\View.php(226): include('C:\\laragon\\www\\presensi\\app\\Views\\dashboard\\index.php')
 2 SYSTEMPATH\View\View.php(229): CodeIgniter\View\View->CodeIgniter\View\{closure}()
 3 SYSTEMPATH\Common.php(1167): CodeIgniter\View\View->render('dashboard/index', [], true)
 4 APPPATH\Controllers\Dashboard.php(45): view('dashboard/index', [...])
 5 SYSTEMPATH\CodeIgniter.php(933): App\Controllers\Dashboard->index()
 6 SYSTEMPATH\CodeIgniter.php(507): CodeIgniter\CodeIgniter->runController(Object(App\Controllers\Dashboard))
 7 SYSTEMPATH\CodeIgniter.php(354): CodeIgniter\CodeIgniter->handleRequest(null, Object(Config\Cache), false)
 8 SYSTEMPATH\Boot.php(363): CodeIgniter\CodeIgniter->run()
 9 SYSTEMPATH\Boot.php(68): CodeIgniter\Boot::runCodeIgniter(Object(CodeIgniter\CodeIgniter))
10 FCPATH\index.php(59): CodeIgniter\Boot::bootWeb(Object(Config\Paths))
11 SYSTEMPATH\rewrite.php(44): require_once('C:\\laragon\\www\\presensi\\public\\index.php')
DEBUG - 2026-04-18 15:55:50 --> Session: Class initialized using 'CodeIgniter\Session\Handlers\FileHandler' driver.
DEBUG - 2026-04-18 15:56:22 --> Session: Class initialized using 'CodeIgniter\Session\Handlers\FileHandler' driver.
DEBUG - 2026-04-18 15:56:23 --> Session: Class initialized using 'CodeIgniter\Session\Handlers\FileHandler' driver.
DEBUG - 2026-04-18 15:56:32 --> Session: Class initialized using 'CodeIgniter\Session\Handlers\FileHandler' driver.
WARNING - 2026-04-18 15:56:32 --> [DEPRECATED] Function strftime() is deprecated in APPPATH\Views\dashboard\index.php on line 18.
 1 SYSTEMPATH\View\View.php(226): include('C:\\laragon\\www\\presensi\\app\\Views\\dashboard\\index.php')
 2 SYSTEMPATH\View\View.php(229): CodeIgniter\View\View->CodeIgniter\View\{closure}()
 3 SYSTEMPATH\Common.php(1167): CodeIgniter\View\View->render('dashboard/index', [], true)
 4 APPPATH\Controllers\Dashboard.php(45): view('dashboard/index', [...])
 5 SYSTEMPATH\CodeIgniter.php(933): App\Controllers\Dashboard->index()
 6 SYSTEMPATH\CodeIgniter.php(507): CodeIgniter\CodeIgniter->runController(Object(App\Controllers\Dashboard))
 7 SYSTEMPATH\CodeIgniter.php(354): CodeIgniter\CodeIgniter->handleRequest(null, Object(Config\Cache), false)
 8 SYSTEMPATH\Boot.php(363): CodeIgniter\CodeIgniter->run()
 9 SYSTEMPATH\Boot.php(68): CodeIgniter\Boot::runCodeIgniter(Object(CodeIgniter\CodeIgniter))
10 FCPATH\index.php(59): CodeIgniter\Boot::bootWeb(Object(Config\Paths))
11 SYSTEMPATH\rewrite.php(44): require_once('C:\\laragon\\www\\presensi\\public\\index.php')
DEBUG - 2026-04-18 15:56:35 --> Session: Class initialized using 'CodeIgniter\Session\Handlers\FileHandler' driver.
WARNING - 2026-04-18 15:56:35 --> [DEPRECATED] Function strftime() is deprecated in APPPATH\Views\presensi\index.php on line 34.
 1 SYSTEMPATH\View\View.php(226): include('C:\\laragon\\www\\presensi\\app\\Views\\presensi\\index.php')
 2 SYSTEMPATH\View\View.php(229): CodeIgniter\View\View->CodeIgniter\View\{closure}()
 3 SYSTEMPATH\Common.php(1167): CodeIgniter\View\View->render('presensi/index', [], true)
 4 APPPATH\Controllers\Presensi.php(40): view('presensi/index', [...])
 5 SYSTEMPATH\CodeIgniter.php(933): App\Controllers\Presensi->index()
 6 SYSTEMPATH\CodeIgniter.php(507): CodeIgniter\CodeIgniter->runController(Object(App\Controllers\Presensi))
 7 SYSTEMPATH\CodeIgniter.php(354): CodeIgniter\CodeIgniter->handleRequest(null, Object(Config\Cache), false)
 8 SYSTEMPATH\Boot.php(363): CodeIgniter\CodeIgniter->run()
 9 SYSTEMPATH\Boot.php(68): CodeIgniter\Boot::runCodeIgniter(Object(CodeIgniter\CodeIgniter))
10 FCPATH\index.php(59): CodeIgniter\Boot::bootWeb(Object(Config\Paths))
11 SYSTEMPATH\rewrite.php(44): require_once('C:\\laragon\\www\\presensi\\public\\index.php')
DEBUG - 2026-04-18 15:57:18 --> Session: Class initialized using 'CodeIgniter\Session\Handlers\FileHandler' driver.
WARNING - 2026-04-18 15:57:18 --> [DEPRECATED] Function strftime() is deprecated in APPPATH\Views\presensi\index.php on line 34.
 1 SYSTEMPATH\View\View.php(226): include('C:\\laragon\\www\\presensi\\app\\Views\\presensi\\index.php')
 2 SYSTEMPATH\View\View.php(229): CodeIgniter\View\View->CodeIgniter\View\{closure}()
 3 SYSTEMPATH\Common.php(1167): CodeIgniter\View\View->render('presensi/index', [], true)
 4 APPPATH\Controllers\Presensi.php(40): view('presensi/index', [...])
 5 SYSTEMPATH\CodeIgniter.php(933): App\Controllers\Presensi->index()
 6 SYSTEMPATH\CodeIgniter.php(507): CodeIgniter\CodeIgniter->runController(Object(App\Controllers\Presensi))
 7 SYSTEMPATH\CodeIgniter.php(354): CodeIgniter\CodeIgniter->handleRequest(null, Object(Config\Cache), false)
 8 SYSTEMPATH\Boot.php(363): CodeIgniter\CodeIgniter->run()
 9 SYSTEMPATH\Boot.php(68): CodeIgniter\Boot::runCodeIgniter(Object(CodeIgniter\CodeIgniter))
10 FCPATH\index.php(59): CodeIgniter\Boot::bootWeb(Object(Config\Paths))
11 SYSTEMPATH\rewrite.php(44): require_once('C:\\laragon\\www\\presensi\\public\\index.php')
DEBUG - 2026-04-18 16:01:44 --> Session: Class initialized using 'CodeIgniter\Session\Handlers\FileHandler' driver.
WARNING - 2026-04-18 16:01:44 --> [DEPRECATED] Function strftime() is deprecated in APPPATH\Views\dashboard\index.php on line 18.
 1 SYSTEMPATH\View\View.php(226): include('C:\\laragon\\www\\presensi\\app\\Views\\dashboard\\index.php')
 2 SYSTEMPATH\View\View.php(229): CodeIgniter\View\View->CodeIgniter\View\{closure}()
 3 SYSTEMPATH\Common.php(1167): CodeIgniter\View\View->render('dashboard/index', [], true)
 4 APPPATH\Controllers\Dashboard.php(45): view('dashboard/index', [...])
 5 SYSTEMPATH\CodeIgniter.php(933): App\Controllers\Dashboard->index()
 6 SYSTEMPATH\CodeIgniter.php(507): CodeIgniter\CodeIgniter->runController(Object(App\Controllers\Dashboard))
 7 SYSTEMPATH\CodeIgniter.php(354): CodeIgniter\CodeIgniter->handleRequest(null, Object(Config\Cache), false)
 8 SYSTEMPATH\Boot.php(363): CodeIgniter\CodeIgniter->run()
 9 SYSTEMPATH\Boot.php(68): CodeIgniter\Boot::runCodeIgniter(Object(CodeIgniter\CodeIgniter))
10 FCPATH\index.php(59): CodeIgniter\Boot::bootWeb(Object(Config\Paths))
11 SYSTEMPATH\rewrite.php(44): require_once('C:\\laragon\\www\\presensi\\public\\index.php')
DEBUG - 2026-04-18 16:01:49 --> Session: Class initialized using 'CodeIgniter\Session\Handlers\FileHandler' driver.
WARNING - 2026-04-18 16:01:49 --> [DEPRECATED] Function strftime() is deprecated in APPPATH\Views\presensi\index.php on line 34.
 1 SYSTEMPATH\View\View.php(226): include('C:\\laragon\\www\\presensi\\app\\Views\\presensi\\index.php')
 2 SYSTEMPATH\View\View.php(229): CodeIgniter\View\View->CodeIgniter\View\{closure}()
 3 SYSTEMPATH\Common.php(1167): CodeIgniter\View\View->render('presensi/index', [], true)
 4 APPPATH\Controllers\Presensi.php(40): view('presensi/index', [...])
 5 SYSTEMPATH\CodeIgniter.php(933): App\Controllers\Presensi->index()
 6 SYSTEMPATH\CodeIgniter.php(507): CodeIgniter\CodeIgniter->runController(Object(App\Controllers\Presensi))
 7 SYSTEMPATH\CodeIgniter.php(354): CodeIgniter\CodeIgniter->handleRequest(null, Object(Config\Cache), false)
 8 SYSTEMPATH\Boot.php(363): CodeIgniter\CodeIgniter->run()
 9 SYSTEMPATH\Boot.php(68): CodeIgniter\Boot::runCodeIgniter(Object(CodeIgniter\CodeIgniter))
10 FCPATH\index.php(59): CodeIgniter\Boot::bootWeb(Object(Config\Paths))
11 SYSTEMPATH\rewrite.php(44): require_once('C:\\laragon\\www\\presensi\\public\\index.php')
DEBUG - 2026-04-18 16:02:15 --> Session: Class initialized using 'CodeIgniter\Session\Handlers\FileHandler' driver.
DEBUG - 2026-04-18 16:02:15 --> Session: Class initialized using 'CodeIgniter\Session\Handlers\FileHandler' driver.
DEBUG - 2026-04-18 16:02:18 --> Session: Class initialized using 'CodeIgniter\Session\Handlers\FileHandler' driver.
DEBUG - 2026-04-18 16:02:22 --> Session: Class initialized using 'CodeIgniter\Session\Handlers\FileHandler' driver.
DEBUG - 2026-04-18 16:02:28 --> Session: Class initialized using 'CodeIgniter\Session\Handlers\FileHandler' driver.
WARNING - 2026-04-18 16:02:28 --> [DEPRECATED] Function strftime() is deprecated in APPPATH\Views\dashboard\index.php on line 18.
 1 SYSTEMPATH\View\View.php(226): include('C:\\laragon\\www\\presensi\\app\\Views\\dashboard\\index.php')
 2 SYSTEMPATH\View\View.php(229): CodeIgniter\View\View->CodeIgniter\View\{closure}()
 3 SYSTEMPATH\Common.php(1167): CodeIgniter\View\View->render('dashboard/index', [], true)
 4 APPPATH\Controllers\Dashboard.php(45): view('dashboard/index', [...])
 5 SYSTEMPATH\CodeIgniter.php(933): App\Controllers\Dashboard->index()
 6 SYSTEMPATH\CodeIgniter.php(507): CodeIgniter\CodeIgniter->runController(Object(App\Controllers\Dashboard))
 7 SYSTEMPATH\CodeIgniter.php(354): CodeIgniter\CodeIgniter->handleRequest(null, Object(Config\Cache), false)
 8 SYSTEMPATH\Boot.php(363): CodeIgniter\CodeIgniter->run()
 9 SYSTEMPATH\Boot.php(68): CodeIgniter\Boot::runCodeIgniter(Object(CodeIgniter\CodeIgniter))
10 FCPATH\index.php(59): CodeIgniter\Boot::bootWeb(Object(Config\Paths))
11 SYSTEMPATH\rewrite.php(44): require_once('C:\\laragon\\www\\presensi\\public\\index.php')
DEBUG - 2026-04-18 16:02:31 --> Session: Class initialized using 'CodeIgniter\Session\Handlers\FileHandler' driver.
WARNING - 2026-04-18 16:02:31 --> [DEPRECATED] Function strftime() is deprecated in APPPATH\Views\presensi\index.php on line 34.
 1 SYSTEMPATH\View\View.php(226): include('C:\\laragon\\www\\presensi\\app\\Views\\presensi\\index.php')
 2 SYSTEMPATH\View\View.php(229): CodeIgniter\View\View->CodeIgniter\View\{closure}()
 3 SYSTEMPATH\Common.php(1167): CodeIgniter\View\View->render('presensi/index', [], true)
 4 APPPATH\Controllers\Presensi.php(40): view('presensi/index', [...])
 5 SYSTEMPATH\CodeIgniter.php(933): App\Controllers\Presensi->index()
 6 SYSTEMPATH\CodeIgniter.php(507): CodeIgniter\CodeIgniter->runController(Object(App\Controllers\Presensi))
 7 SYSTEMPATH\CodeIgniter.php(354): CodeIgniter\CodeIgniter->handleRequest(null, Object(Config\Cache), false)
 8 SYSTEMPATH\Boot.php(363): CodeIgniter\CodeIgniter->run()
 9 SYSTEMPATH\Boot.php(68): CodeIgniter\Boot::runCodeIgniter(Object(CodeIgniter\CodeIgniter))
10 FCPATH\index.php(59): CodeIgniter\Boot::bootWeb(Object(Config\Paths))
11 SYSTEMPATH\rewrite.php(44): require_once('C:\\laragon\\www\\presensi\\public\\index.php')
DEBUG - 2026-04-18 16:05:02 --> Session: Class initialized using 'CodeIgniter\Session\Handlers\FileHandler' driver.
WARNING - 2026-04-18 16:05:02 --> [DEPRECATED] Function strftime() is deprecated in APPPATH\Views\presensi\index.php on line 34.
 1 SYSTEMPATH\View\View.php(226): include('C:\\laragon\\www\\presensi\\app\\Views\\presensi\\index.php')
 2 SYSTEMPATH\View\View.php(229): CodeIgniter\View\View->CodeIgniter\View\{closure}()
 3 SYSTEMPATH\Common.php(1167): CodeIgniter\View\View->render('presensi/index', [], true)
 4 APPPATH\Controllers\Presensi.php(40): view('presensi/index', [...])
 5 SYSTEMPATH\CodeIgniter.php(933): App\Controllers\Presensi->index()
 6 SYSTEMPATH\CodeIgniter.php(507): CodeIgniter\CodeIgniter->runController(Object(App\Controllers\Presensi))
 7 SYSTEMPATH\CodeIgniter.php(354): CodeIgniter\CodeIgniter->handleRequest(null, Object(Config\Cache), false)
 8 SYSTEMPATH\Boot.php(363): CodeIgniter\CodeIgniter->run()
 9 SYSTEMPATH\Boot.php(68): CodeIgniter\Boot::runCodeIgniter(Object(CodeIgniter\CodeIgniter))
10 FCPATH\index.php(59): CodeIgniter\Boot::bootWeb(Object(Config\Paths))
11 SYSTEMPATH\rewrite.php(44): require_once('C:\\laragon\\www\\presensi\\public\\index.php')
WARNING - 2026-04-18 16:05:02 --> [DEPRECATED] Function strftime() is deprecated in APPPATH\Views\presensi\index.php on line 202.
 1 SYSTEMPATH\View\View.php(226): include('C:\\laragon\\www\\presensi\\app\\Views\\presensi\\index.php')
 2 SYSTEMPATH\View\View.php(229): CodeIgniter\View\View->CodeIgniter\View\{closure}()
 3 SYSTEMPATH\Common.php(1167): CodeIgniter\View\View->render('presensi/index', [], true)
 4 APPPATH\Controllers\Presensi.php(40): view('presensi/index', [...])
 5 SYSTEMPATH\CodeIgniter.php(933): App\Controllers\Presensi->index()
 6 SYSTEMPATH\CodeIgniter.php(507): CodeIgniter\CodeIgniter->runController(Object(App\Controllers\Presensi))
 7 SYSTEMPATH\CodeIgniter.php(354): CodeIgniter\CodeIgniter->handleRequest(null, Object(Config\Cache), false)
 8 SYSTEMPATH\Boot.php(363): CodeIgniter\CodeIgniter->run()
 9 SYSTEMPATH\Boot.php(68): CodeIgniter\Boot::runCodeIgniter(Object(CodeIgniter\CodeIgniter))
10 FCPATH\index.php(59): CodeIgniter\Boot::bootWeb(Object(Config\Paths))
11 SYSTEMPATH\rewrite.php(44): require_once('C:\\laragon\\www\\presensi\\public\\index.php')
DEBUG - 2026-04-18 16:05:16 --> Session: Class initialized using 'CodeIgniter\Session\Handlers\FileHandler' driver.
WARNING - 2026-04-18 16:05:17 --> [DEPRECATED] Function strftime() is deprecated in APPPATH\Views\presensi\index.php on line 27.
 1 SYSTEMPATH\View\View.php(226): include('C:\\laragon\\www\\presensi\\app\\Views\\presensi\\index.php')
 2 SYSTEMPATH\View\View.php(229): CodeIgniter\View\View->CodeIgniter\View\{closure}()
 3 SYSTEMPATH\Common.php(1167): CodeIgniter\View\View->render('presensi/index', [], true)
 4 APPPATH\Controllers\Presensi.php(40): view('presensi/index', [...])
 5 SYSTEMPATH\CodeIgniter.php(933): App\Controllers\Presensi->index()
 6 SYSTEMPATH\CodeIgniter.php(507): CodeIgniter\CodeIgniter->runController(Object(App\Controllers\Presensi))
 7 SYSTEMPATH\CodeIgniter.php(354): CodeIgniter\CodeIgniter->handleRequest(null, Object(Config\Cache), false)
 8 SYSTEMPATH\Boot.php(363): CodeIgniter\CodeIgniter->run()
 9 SYSTEMPATH\Boot.php(68): CodeIgniter\Boot::runCodeIgniter(Object(CodeIgniter\CodeIgniter))
10 FCPATH\index.php(59): CodeIgniter\Boot::bootWeb(Object(Config\Paths))
11 SYSTEMPATH\rewrite.php(44): require_once('C:\\laragon\\www\\presensi\\public\\index.php')
DEBUG - 2026-04-18 16:05:41 --> Session: Class initialized using 'CodeIgniter\Session\Handlers\FileHandler' driver.
DEBUG - 2026-04-18 16:05:41 --> Session: Class initialized using 'CodeIgniter\Session\Handlers\FileHandler' driver.
DEBUG - 2026-04-18 16:05:45 --> Session: Class initialized using 'CodeIgniter\Session\Handlers\FileHandler' driver.
DEBUG - 2026-04-18 16:05:46 --> Session: Class initialized using 'CodeIgniter\Session\Handlers\FileHandler' driver.
WARNING - 2026-04-18 16:05:46 --> [DEPRECATED] Function strftime() is deprecated in APPPATH\Views\dashboard\index.php on line 18.
 1 SYSTEMPATH\View\View.php(226): include('C:\\laragon\\www\\presensi\\app\\Views\\dashboard\\index.php')
 2 SYSTEMPATH\View\View.php(229): CodeIgniter\View\View->CodeIgniter\View\{closure}()
 3 SYSTEMPATH\Common.php(1167): CodeIgniter\View\View->render('dashboard/index', [], true)
 4 APPPATH\Controllers\Dashboard.php(45): view('dashboard/index', [...])
 5 SYSTEMPATH\CodeIgniter.php(933): App\Controllers\Dashboard->index()
 6 SYSTEMPATH\CodeIgniter.php(507): CodeIgniter\CodeIgniter->runController(Object(App\Controllers\Dashboard))
 7 SYSTEMPATH\CodeIgniter.php(354): CodeIgniter\CodeIgniter->handleRequest(null, Object(Config\Cache), false)
 8 SYSTEMPATH\Boot.php(363): CodeIgniter\CodeIgniter->run()
 9 SYSTEMPATH\Boot.php(68): CodeIgniter\Boot::runCodeIgniter(Object(CodeIgniter\CodeIgniter))
10 FCPATH\index.php(59): CodeIgniter\Boot::bootWeb(Object(Config\Paths))
11 SYSTEMPATH\rewrite.php(44): require_once('C:\\laragon\\www\\presensi\\public\\index.php')
DEBUG - 2026-04-18 16:05:50 --> Session: Class initialized using 'CodeIgniter\Session\Handlers\FileHandler' driver.
WARNING - 2026-04-18 16:05:50 --> [DEPRECATED] Function strftime() is deprecated in APPPATH\Views\presensi\index.php on line 27.
 1 SYSTEMPATH\View\View.php(226): include('C:\\laragon\\www\\presensi\\app\\Views\\presensi\\index.php')
 2 SYSTEMPATH\View\View.php(229): CodeIgniter\View\View->CodeIgniter\View\{closure}()
 3 SYSTEMPATH\Common.php(1167): CodeIgniter\View\View->render('presensi/index', [], true)
 4 APPPATH\Controllers\Presensi.php(40): view('presensi/index', [...])
 5 SYSTEMPATH\CodeIgniter.php(933): App\Controllers\Presensi->index()
 6 SYSTEMPATH\CodeIgniter.php(507): CodeIgniter\CodeIgniter->runController(Object(App\Controllers\Presensi))
 7 SYSTEMPATH\CodeIgniter.php(354): CodeIgniter\CodeIgniter->handleRequest(null, Object(Config\Cache), false)
 8 SYSTEMPATH\Boot.php(363): CodeIgniter\CodeIgniter->run()
 9 SYSTEMPATH\Boot.php(68): CodeIgniter\Boot::runCodeIgniter(Object(CodeIgniter\CodeIgniter))
10 FCPATH\index.php(59): CodeIgniter\Boot::bootWeb(Object(Config\Paths))
11 SYSTEMPATH\rewrite.php(44): require_once('C:\\laragon\\www\\presensi\\public\\index.php')
DEBUG - 2026-04-18 16:10:25 --> Session: Class initialized using 'CodeIgniter\Session\Handlers\FileHandler' driver.
DEBUG - 2026-04-18 16:10:26 --> Session: Class initialized using 'CodeIgniter\Session\Handlers\FileHandler' driver.
DEBUG - 2026-04-18 16:10:31 --> Session: Class initialized using 'CodeIgniter\Session\Handlers\FileHandler' driver.
DEBUG - 2026-04-18 16:10:32 --> Session: Class initialized using 'CodeIgniter\Session\Handlers\FileHandler' driver.
WARNING - 2026-04-18 16:10:32 --> [DEPRECATED] Function strftime() is deprecated in APPPATH\Views\dashboard\index.php on line 18.
 1 SYSTEMPATH\View\View.php(226): include('C:\\laragon\\www\\presensi\\app\\Views\\dashboard\\index.php')
 2 SYSTEMPATH\View\View.php(229): CodeIgniter\View\View->CodeIgniter\View\{closure}()
 3 SYSTEMPATH\Common.php(1167): CodeIgniter\View\View->render('dashboard/index', [], true)
 4 APPPATH\Controllers\Dashboard.php(45): view('dashboard/index', [...])
 5 SYSTEMPATH\CodeIgniter.php(933): App\Controllers\Dashboard->index()
 6 SYSTEMPATH\CodeIgniter.php(507): CodeIgniter\CodeIgniter->runController(Object(App\Controllers\Dashboard))
 7 SYSTEMPATH\CodeIgniter.php(354): CodeIgniter\CodeIgniter->handleRequest(null, Object(Config\Cache), false)
 8 SYSTEMPATH\Boot.php(363): CodeIgniter\CodeIgniter->run()
 9 SYSTEMPATH\Boot.php(68): CodeIgniter\Boot::runCodeIgniter(Object(CodeIgniter\CodeIgniter))
10 FCPATH\index.php(59): CodeIgniter\Boot::bootWeb(Object(Config\Paths))
11 SYSTEMPATH\rewrite.php(44): require_once('C:\\laragon\\www\\presensi\\public\\index.php')
DEBUG - 2026-04-18 16:10:38 --> Session: Class initialized using 'CodeIgniter\Session\Handlers\FileHandler' driver.
WARNING - 2026-04-18 16:10:38 --> [DEPRECATED] Function strftime() is deprecated in APPPATH\Views\presensi\index.php on line 27.
 1 SYSTEMPATH\View\View.php(226): include('C:\\laragon\\www\\presensi\\app\\Views\\presensi\\index.php')
 2 SYSTEMPATH\View\View.php(229): CodeIgniter\View\View->CodeIgniter\View\{closure}()
 3 SYSTEMPATH\Common.php(1167): CodeIgniter\View\View->render('presensi/index', [], true)
 4 APPPATH\Controllers\Presensi.php(40): view('presensi/index', [...])
 5 SYSTEMPATH\CodeIgniter.php(933): App\Controllers\Presensi->index()
 6 SYSTEMPATH\CodeIgniter.php(507): CodeIgniter\CodeIgniter->runController(Object(App\Controllers\Presensi))
 7 SYSTEMPATH\CodeIgniter.php(354): CodeIgniter\CodeIgniter->handleRequest(null, Object(Config\Cache), false)
 8 SYSTEMPATH\Boot.php(363): CodeIgniter\CodeIgniter->run()
 9 SYSTEMPATH\Boot.php(68): CodeIgniter\Boot::runCodeIgniter(Object(CodeIgniter\CodeIgniter))
10 FCPATH\index.php(59): CodeIgniter\Boot::bootWeb(Object(Config\Paths))
11 SYSTEMPATH\rewrite.php(44): require_once('C:\\laragon\\www\\presensi\\public\\index.php')
DEBUG - 2026-04-18 16:13:33 --> Session: Class initialized using 'CodeIgniter\Session\Handlers\FileHandler' driver.
WARNING - 2026-04-18 16:13:33 --> [DEPRECATED] Function strftime() is deprecated in APPPATH\Views\presensi\index.php on line 27.
 1 SYSTEMPATH\View\View.php(226): include('C:\\laragon\\www\\presensi\\app\\Views\\presensi\\index.php')
 2 SYSTEMPATH\View\View.php(229): CodeIgniter\View\View->CodeIgniter\View\{closure}()
 3 SYSTEMPATH\Common.php(1167): CodeIgniter\View\View->render('presensi/index', [], true)
 4 APPPATH\Controllers\Presensi.php(40): view('presensi/index', [...])
 5 SYSTEMPATH\CodeIgniter.php(933): App\Controllers\Presensi->index()
 6 SYSTEMPATH\CodeIgniter.php(507): CodeIgniter\CodeIgniter->runController(Object(App\Controllers\Presensi))
 7 SYSTEMPATH\CodeIgniter.php(354): CodeIgniter\CodeIgniter->handleRequest(null, Object(Config\Cache), false)
 8 SYSTEMPATH\Boot.php(363): CodeIgniter\CodeIgniter->run()
 9 SYSTEMPATH\Boot.php(68): CodeIgniter\Boot::runCodeIgniter(Object(CodeIgniter\CodeIgniter))
10 FCPATH\index.php(59): CodeIgniter\Boot::bootWeb(Object(Config\Paths))
11 SYSTEMPATH\rewrite.php(44): require_once('C:\\laragon\\www\\presensi\\public\\index.php')
DEBUG - 2026-04-18 16:16:23 --> Session: Class initialized using 'CodeIgniter\Session\Handlers\FileHandler' driver.
WARNING - 2026-04-18 16:16:23 --> [DEPRECATED] Function strftime() is deprecated in APPPATH\Views\presensi\index.php on line 27.
 1 SYSTEMPATH\View\View.php(226): include('C:\\laragon\\www\\presensi\\app\\Views\\presensi\\index.php')
 2 SYSTEMPATH\View\View.php(229): CodeIgniter\View\View->CodeIgniter\View\{closure}()
 3 SYSTEMPATH\Common.php(1167): CodeIgniter\View\View->render('presensi/index', [], true)
 4 APPPATH\Controllers\Presensi.php(40): view('presensi/index', [...])
 5 SYSTEMPATH\CodeIgniter.php(933): App\Controllers\Presensi->index()
 6 SYSTEMPATH\CodeIgniter.php(507): CodeIgniter\CodeIgniter->runController(Object(App\Controllers\Presensi))
 7 SYSTEMPATH\CodeIgniter.php(354): CodeIgniter\CodeIgniter->handleRequest(null, Object(Config\Cache), false)
 8 SYSTEMPATH\Boot.php(363): CodeIgniter\CodeIgniter->run()
 9 SYSTEMPATH\Boot.php(68): CodeIgniter\Boot::runCodeIgniter(Object(CodeIgniter\CodeIgniter))
10 FCPATH\index.php(59): CodeIgniter\Boot::bootWeb(Object(Config\Paths))
11 SYSTEMPATH\rewrite.php(44): require_once('C:\\laragon\\www\\presensi\\public\\index.php')
DEBUG - 2026-04-18 16:16:37 --> Session: Class initialized using 'CodeIgniter\Session\Handlers\FileHandler' driver.
ERROR - 2026-04-18 16:16:37 --> mysqli_sql_exception: Column 'jam_pulang' cannot be null in C:\laragon\www\presensi\system\Database\MySQLi\Connection.php:327
Stack trace:
#0 C:\laragon\www\presensi\system\Database\MySQLi\Connection.php(327): mysqli->query('INSERT INTO `da...', 0)
#1 C:\laragon\www\presensi\system\Database\BaseConnection.php(729): CodeIgniter\Database\MySQLi\Connection->execute('INSERT INTO `da...')
#2 C:\laragon\www\presensi\system\Database\BaseConnection.php(646): CodeIgniter\Database\BaseConnection->simpleQuery('INSERT INTO `da...')
#3 C:\laragon\www\presensi\system\Database\BaseBuilder.php(2345): CodeIgniter\Database\BaseConnection->query('INSERT INTO `da...', Array, false)
#4 C:\laragon\www\presensi\system\Model.php(394): CodeIgniter\Database\BaseBuilder->insert()
#5 C:\laragon\www\presensi\system\BaseModel.php(838): CodeIgniter\Model->doInsert(Array)
#6 C:\laragon\www\presensi\system\Model.php(797): CodeIgniter\BaseModel->insert(Array, true)
#7 C:\laragon\www\presensi\app\Controllers\Presensi.php(115): CodeIgniter\Model->insert(Array)
#8 C:\laragon\www\presensi\system\CodeIgniter.php(933): App\Controllers\Presensi->masuk()
#9 C:\laragon\www\presensi\system\CodeIgniter.php(507): CodeIgniter\CodeIgniter->runController(Object(App\Controllers\Presensi))
#10 C:\laragon\www\presensi\system\CodeIgniter.php(354): CodeIgniter\CodeIgniter->handleRequest(NULL, Object(Config\Cache), false)
#11 C:\laragon\www\presensi\system\Boot.php(363): CodeIgniter\CodeIgniter->run()
#12 C:\laragon\www\presensi\system\Boot.php(68): CodeIgniter\Boot::runCodeIgniter(Object(CodeIgniter\CodeIgniter))
#13 C:\laragon\www\presensi\public\index.php(59): CodeIgniter\Boot::bootWeb(Object(Config\Paths))
#14 C:\laragon\www\presensi\system\rewrite.php(44): require_once('C:\\laragon\\www\\...')
#15 {main}
CRITICAL - 2026-04-18 16:16:37 --> CodeIgniter\Database\Exceptions\DatabaseException: Column 'jam_pulang' cannot be null
[Method: POST, Route: presensi/masuk]
in SYSTEMPATH\Database\BaseConnection.php on line 684.
 1 SYSTEMPATH\Database\BaseBuilder.php(2345): CodeIgniter\Database\BaseConnection->query('INSERT INTO `data_presensi` (`id_user`, `id_instansi`, `tanggal`, `jam_masuk`, `jam_pulang`, `foto_masuk`, `latitude`, `longitude`, `status`) VALUES (:id_user:, :id_instansi:, :tanggal:, :jam_masuk:, :jam_pulang:, :foto_masuk:, :latitude:, :longitude:, :status:)', [...], false)
 2 SYSTEMPATH\Model.php(394): CodeIgniter\Database\BaseBuilder->insert()
 3 SYSTEMPATH\BaseModel.php(838): CodeIgniter\Model->doInsert([...])
 4 SYSTEMPATH\Model.php(797): CodeIgniter\BaseModel->insert([...], true)
 5 APPPATH\Controllers\Presensi.php(115): CodeIgniter\Model->insert([...])
 6 SYSTEMPATH\CodeIgniter.php(933): App\Controllers\Presensi->masuk()
 7 SYSTEMPATH\CodeIgniter.php(507): CodeIgniter\CodeIgniter->runController(Object(App\Controllers\Presensi))
 8 SYSTEMPATH\CodeIgniter.php(354): CodeIgniter\CodeIgniter->handleRequest(null, Object(Config\Cache), false)
 9 SYSTEMPATH\Boot.php(363): CodeIgniter\CodeIgniter->run()
10 SYSTEMPATH\Boot.php(68): CodeIgniter\Boot::runCodeIgniter(Object(CodeIgniter\CodeIgniter))
11 FCPATH\index.php(59): CodeIgniter\Boot::bootWeb(Object(Config\Paths))
12 SYSTEMPATH\rewrite.php(44): require_once('C:\\laragon\\www\\presensi\\public\\index.php')
CRITICAL - 2026-04-18 16:16:37 --> [Caused by] CodeIgniter\Database\Exceptions\DatabaseException: Column 'jam_pulang' cannot be null
in SYSTEMPATH\Database\MySQLi\Connection.php on line 332.
 1 SYSTEMPATH\Database\BaseConnection.php(729): CodeIgniter\Database\MySQLi\Connection->execute('INSERT INTO `data_presensi` (`id_user`, `id_instansi`, `tanggal`, `jam_masuk`, `jam_pulang`, `foto_masuk`, `latitude`, `longitude`, `status`) VALUES (\'1\', \'13\', \'2026-04-18\', \'16:16:37\', NULL, \'masuk_1776503797.png\', \'-6.954889112419533\', \'112.05485977578897\', \'hadir\')')
 2 SYSTEMPATH\Database\BaseConnection.php(646): CodeIgniter\Database\BaseConnection->simpleQuery('INSERT INTO `data_presensi` (`id_user`, `id_instansi`, `tanggal`, `jam_masuk`, `jam_pulang`, `foto_masuk`, `latitude`, `longitude`, `status`) VALUES (\'1\', \'13\', \'2026-04-18\', \'16:16:37\', NULL, \'masuk_1776503797.png\', \'-6.954889112419533\', \'112.05485977578897\', \'hadir\')')
 3 SYSTEMPATH\Database\BaseBuilder.php(2345): CodeIgniter\Database\BaseConnection->query('INSERT INTO `data_presensi` (`id_user`, `id_instansi`, `tanggal`, `jam_masuk`, `jam_pulang`, `foto_masuk`, `latitude`, `longitude`, `status`) VALUES (:id_user:, :id_instansi:, :tanggal:, :jam_masuk:, :jam_pulang:, :foto_masuk:, :latitude:, :longitude:, :status:)', [...], false)
 4 SYSTEMPATH\Model.php(394): CodeIgniter\Database\BaseBuilder->insert()
 5 SYSTEMPATH\BaseModel.php(838): CodeIgniter\Model->doInsert([...])
 6 SYSTEMPATH\Model.php(797): CodeIgniter\BaseModel->insert([...], true)
 7 APPPATH\Controllers\Presensi.php(115): CodeIgniter\Model->insert([...])
 8 SYSTEMPATH\CodeIgniter.php(933): App\Controllers\Presensi->masuk()
 9 SYSTEMPATH\CodeIgniter.php(507): CodeIgniter\CodeIgniter->runController(Object(App\Controllers\Presensi))
10 SYSTEMPATH\CodeIgniter.php(354): CodeIgniter\CodeIgniter->handleRequest(null, Object(Config\Cache), false)
11 SYSTEMPATH\Boot.php(363): CodeIgniter\CodeIgniter->run()
12 SYSTEMPATH\Boot.php(68): CodeIgniter\Boot::runCodeIgniter(Object(CodeIgniter\CodeIgniter))
13 FCPATH\index.php(59): CodeIgniter\Boot::bootWeb(Object(Config\Paths))
14 SYSTEMPATH\rewrite.php(44): require_once('C:\\laragon\\www\\presensi\\public\\index.php')
CRITICAL - 2026-04-18 16:16:37 --> [Caused by] mysqli_sql_exception: Column 'jam_pulang' cannot be null
in SYSTEMPATH\Database\MySQLi\Connection.php on line 327.
 1 SYSTEMPATH\Database\MySQLi\Connection.php(327): mysqli->query('INSERT INTO `data_presensi` (`id_user`, `id_instansi`, `tanggal`, `jam_masuk`, `jam_pulang`, `foto_masuk`, `latitude`, `longitude`, `status`) VALUES (\'1\', \'13\', \'2026-04-18\', \'16:16:37\', NULL, \'masuk_1776503797.png\', \'-6.954889112419533\', \'112.05485977578897\', \'hadir\')', 0)
 2 SYSTEMPATH\Database\BaseConnection.php(729): CodeIgniter\Database\MySQLi\Connection->execute('INSERT INTO `data_presensi` (`id_user`, `id_instansi`, `tanggal`, `jam_masuk`, `jam_pulang`, `foto_masuk`, `latitude`, `longitude`, `status`) VALUES (\'1\', \'13\', \'2026-04-18\', \'16:16:37\', NULL, \'masuk_1776503797.png\', \'-6.954889112419533\', \'112.05485977578897\', \'hadir\')')
 3 SYSTEMPATH\Database\BaseConnection.php(646): CodeIgniter\Database\BaseConnection->simpleQuery('INSERT INTO `data_presensi` (`id_user`, `id_instansi`, `tanggal`, `jam_masuk`, `jam_pulang`, `foto_masuk`, `latitude`, `longitude`, `status`) VALUES (\'1\', \'13\', \'2026-04-18\', \'16:16:37\', NULL, \'masuk_1776503797.png\', \'-6.954889112419533\', \'112.05485977578897\', \'hadir\')')
 4 SYSTEMPATH\Database\BaseBuilder.php(2345): CodeIgniter\Database\BaseConnection->query('INSERT INTO `data_presensi` (`id_user`, `id_instansi`, `tanggal`, `jam_masuk`, `jam_pulang`, `foto_masuk`, `latitude`, `longitude`, `status`) VALUES (:id_user:, :id_instansi:, :tanggal:, :jam_masuk:, :jam_pulang:, :foto_masuk:, :latitude:, :longitude:, :status:)', [...], false)
 5 SYSTEMPATH\Model.php(394): CodeIgniter\Database\BaseBuilder->insert()
 6 SYSTEMPATH\BaseModel.php(838): CodeIgniter\Model->doInsert([...])
 7 SYSTEMPATH\Model.php(797): CodeIgniter\BaseModel->insert([...], true)
 8 APPPATH\Controllers\Presensi.php(115): CodeIgniter\Model->insert([...])
 9 SYSTEMPATH\CodeIgniter.php(933): App\Controllers\Presensi->masuk()
10 SYSTEMPATH\CodeIgniter.php(507): CodeIgniter\CodeIgniter->runController(Object(App\Controllers\Presensi))
11 SYSTEMPATH\CodeIgniter.php(354): CodeIgniter\CodeIgniter->handleRequest(null, Object(Config\Cache), false)
12 SYSTEMPATH\Boot.php(363): CodeIgniter\CodeIgniter->run()
13 SYSTEMPATH\Boot.php(68): CodeIgniter\Boot::runCodeIgniter(Object(CodeIgniter\CodeIgniter))
14 FCPATH\index.php(59): CodeIgniter\Boot::bootWeb(Object(Config\Paths))
15 SYSTEMPATH\rewrite.php(44): require_once('C:\\laragon\\www\\presensi\\public\\index.php')
DEBUG - 2026-04-18 16:16:48 --> Session: Class initialized using 'CodeIgniter\Session\Handlers\FileHandler' driver.
WARNING - 2026-04-18 16:16:48 --> [DEPRECATED] Function strftime() is deprecated in APPPATH\Views\presensi\index.php on line 27.
 1 SYSTEMPATH\View\View.php(226): include('C:\\laragon\\www\\presensi\\app\\Views\\presensi\\index.php')
 2 SYSTEMPATH\View\View.php(229): CodeIgniter\View\View->CodeIgniter\View\{closure}()
 3 SYSTEMPATH\Common.php(1167): CodeIgniter\View\View->render('presensi/index', [], true)
 4 APPPATH\Controllers\Presensi.php(40): view('presensi/index', [...])
 5 SYSTEMPATH\CodeIgniter.php(933): App\Controllers\Presensi->index()
 6 SYSTEMPATH\CodeIgniter.php(507): CodeIgniter\CodeIgniter->runController(Object(App\Controllers\Presensi))
 7 SYSTEMPATH\CodeIgniter.php(354): CodeIgniter\CodeIgniter->handleRequest(null, Object(Config\Cache), false)
 8 SYSTEMPATH\Boot.php(363): CodeIgniter\CodeIgniter->run()
 9 SYSTEMPATH\Boot.php(68): CodeIgniter\Boot::runCodeIgniter(Object(CodeIgniter\CodeIgniter))
10 FCPATH\index.php(59): CodeIgniter\Boot::bootWeb(Object(Config\Paths))
11 SYSTEMPATH\rewrite.php(44): require_once('C:\\laragon\\www\\presensi\\public\\index.php')
DEBUG - 2026-04-18 16:16:55 --> Session: Class initialized using 'CodeIgniter\Session\Handlers\FileHandler' driver.
ERROR - 2026-04-18 16:16:55 --> mysqli_sql_exception: Column 'jam_pulang' cannot be null in C:\laragon\www\presensi\system\Database\MySQLi\Connection.php:327
Stack trace:
#0 C:\laragon\www\presensi\system\Database\MySQLi\Connection.php(327): mysqli->query('INSERT INTO `da...', 0)
#1 C:\laragon\www\presensi\system\Database\BaseConnection.php(729): CodeIgniter\Database\MySQLi\Connection->execute('INSERT INTO `da...')
#2 C:\laragon\www\presensi\system\Database\BaseConnection.php(646): CodeIgniter\Database\BaseConnection->simpleQuery('INSERT INTO `da...')
#3 C:\laragon\www\presensi\system\Database\BaseBuilder.php(2345): CodeIgniter\Database\BaseConnection->query('INSERT INTO `da...', Array, false)
#4 C:\laragon\www\presensi\system\Model.php(394): CodeIgniter\Database\BaseBuilder->insert()
#5 C:\laragon\www\presensi\system\BaseModel.php(838): CodeIgniter\Model->doInsert(Array)
#6 C:\laragon\www\presensi\system\Model.php(797): CodeIgniter\BaseModel->insert(Array, true)
#7 C:\laragon\www\presensi\app\Controllers\Presensi.php(115): CodeIgniter\Model->insert(Array)
#8 C:\laragon\www\presensi\system\CodeIgniter.php(933): App\Controllers\Presensi->masuk()
#9 C:\laragon\www\presensi\system\CodeIgniter.php(507): CodeIgniter\CodeIgniter->runController(Object(App\Controllers\Presensi))
#10 C:\laragon\www\presensi\system\CodeIgniter.php(354): CodeIgniter\CodeIgniter->handleRequest(NULL, Object(Config\Cache), false)
#11 C:\laragon\www\presensi\system\Boot.php(363): CodeIgniter\CodeIgniter->run()
#12 C:\laragon\www\presensi\system\Boot.php(68): CodeIgniter\Boot::runCodeIgniter(Object(CodeIgniter\CodeIgniter))
#13 C:\laragon\www\presensi\public\index.php(59): CodeIgniter\Boot::bootWeb(Object(Config\Paths))
#14 C:\laragon\www\presensi\system\rewrite.php(44): require_once('C:\\laragon\\www\\...')
#15 {main}
CRITICAL - 2026-04-18 16:16:55 --> CodeIgniter\Database\Exceptions\DatabaseException: Column 'jam_pulang' cannot be null
[Method: POST, Route: presensi/masuk]
in SYSTEMPATH\Database\BaseConnection.php on line 684.
 1 SYSTEMPATH\Database\BaseBuilder.php(2345): CodeIgniter\Database\BaseConnection->query('INSERT INTO `data_presensi` (`id_user`, `id_instansi`, `tanggal`, `jam_masuk`, `jam_pulang`, `foto_masuk`, `latitude`, `longitude`, `status`) VALUES (:id_user:, :id_instansi:, :tanggal:, :jam_masuk:, :jam_pulang:, :foto_masuk:, :latitude:, :longitude:, :status:)', [...], false)
 2 SYSTEMPATH\Model.php(394): CodeIgniter\Database\BaseBuilder->insert()
 3 SYSTEMPATH\BaseModel.php(838): CodeIgniter\Model->doInsert([...])
 4 SYSTEMPATH\Model.php(797): CodeIgniter\BaseModel->insert([...], true)
 5 APPPATH\Controllers\Presensi.php(115): CodeIgniter\Model->insert([...])
 6 SYSTEMPATH\CodeIgniter.php(933): App\Controllers\Presensi->masuk()
 7 SYSTEMPATH\CodeIgniter.php(507): CodeIgniter\CodeIgniter->runController(Object(App\Controllers\Presensi))
 8 SYSTEMPATH\CodeIgniter.php(354): CodeIgniter\CodeIgniter->handleRequest(null, Object(Config\Cache), false)
 9 SYSTEMPATH\Boot.php(363): CodeIgniter\CodeIgniter->run()
10 SYSTEMPATH\Boot.php(68): CodeIgniter\Boot::runCodeIgniter(Object(CodeIgniter\CodeIgniter))
11 FCPATH\index.php(59): CodeIgniter\Boot::bootWeb(Object(Config\Paths))
12 SYSTEMPATH\rewrite.php(44): require_once('C:\\laragon\\www\\presensi\\public\\index.php')
CRITICAL - 2026-04-18 16:16:55 --> [Caused by] CodeIgniter\Database\Exceptions\DatabaseException: Column 'jam_pulang' cannot be null
in SYSTEMPATH\Database\MySQLi\Connection.php on line 332.
 1 SYSTEMPATH\Database\BaseConnection.php(729): CodeIgniter\Database\MySQLi\Connection->execute('INSERT INTO `data_presensi` (`id_user`, `id_instansi`, `tanggal`, `jam_masuk`, `jam_pulang`, `foto_masuk`, `latitude`, `longitude`, `status`) VALUES (\'1\', \'13\', \'2026-04-18\', \'16:16:55\', NULL, \'masuk_1776503815.png\', \'-6.954889112419533\', \'112.05485977578897\', \'hadir\')')
 2 SYSTEMPATH\Database\BaseConnection.php(646): CodeIgniter\Database\BaseConnection->simpleQuery('INSERT INTO `data_presensi` (`id_user`, `id_instansi`, `tanggal`, `jam_masuk`, `jam_pulang`, `foto_masuk`, `latitude`, `longitude`, `status`) VALUES (\'1\', \'13\', \'2026-04-18\', \'16:16:55\', NULL, \'masuk_1776503815.png\', \'-6.954889112419533\', \'112.05485977578897\', \'hadir\')')
 3 SYSTEMPATH\Database\BaseBuilder.php(2345): CodeIgniter\Database\BaseConnection->query('INSERT INTO `data_presensi` (`id_user`, `id_instansi`, `tanggal`, `jam_masuk`, `jam_pulang`, `foto_masuk`, `latitude`, `longitude`, `status`) VALUES (:id_user:, :id_instansi:, :tanggal:, :jam_masuk:, :jam_pulang:, :foto_masuk:, :latitude:, :longitude:, :status:)', [...], false)
 4 SYSTEMPATH\Model.php(394): CodeIgniter\Database\BaseBuilder->insert()
 5 SYSTEMPATH\BaseModel.php(838): CodeIgniter\Model->doInsert([...])
 6 SYSTEMPATH\Model.php(797): CodeIgniter\BaseModel->insert([...], true)
 7 APPPATH\Controllers\Presensi.php(115): CodeIgniter\Model->insert([...])
 8 SYSTEMPATH\CodeIgniter.php(933): App\Controllers\Presensi->masuk()
 9 SYSTEMPATH\CodeIgniter.php(507): CodeIgniter\CodeIgniter->runController(Object(App\Controllers\Presensi))
10 SYSTEMPATH\CodeIgniter.php(354): CodeIgniter\CodeIgniter->handleRequest(null, Object(Config\Cache), false)
11 SYSTEMPATH\Boot.php(363): CodeIgniter\CodeIgniter->run()
12 SYSTEMPATH\Boot.php(68): CodeIgniter\Boot::runCodeIgniter(Object(CodeIgniter\CodeIgniter))
13 FCPATH\index.php(59): CodeIgniter\Boot::bootWeb(Object(Config\Paths))
14 SYSTEMPATH\rewrite.php(44): require_once('C:\\laragon\\www\\presensi\\public\\index.php')
CRITICAL - 2026-04-18 16:16:55 --> [Caused by] mysqli_sql_exception: Column 'jam_pulang' cannot be null
in SYSTEMPATH\Database\MySQLi\Connection.php on line 327.
 1 SYSTEMPATH\Database\MySQLi\Connection.php(327): mysqli->query('INSERT INTO `data_presensi` (`id_user`, `id_instansi`, `tanggal`, `jam_masuk`, `jam_pulang`, `foto_masuk`, `latitude`, `longitude`, `status`) VALUES (\'1\', \'13\', \'2026-04-18\', \'16:16:55\', NULL, \'masuk_1776503815.png\', \'-6.954889112419533\', \'112.05485977578897\', \'hadir\')', 0)
 2 SYSTEMPATH\Database\BaseConnection.php(729): CodeIgniter\Database\MySQLi\Connection->execute('INSERT INTO `data_presensi` (`id_user`, `id_instansi`, `tanggal`, `jam_masuk`, `jam_pulang`, `foto_masuk`, `latitude`, `longitude`, `status`) VALUES (\'1\', \'13\', \'2026-04-18\', \'16:16:55\', NULL, \'masuk_1776503815.png\', \'-6.954889112419533\', \'112.05485977578897\', \'hadir\')')
 3 SYSTEMPATH\Database\BaseConnection.php(646): CodeIgniter\Database\BaseConnection->simpleQuery('INSERT INTO `data_presensi` (`id_user`, `id_instansi`, `tanggal`, `jam_masuk`, `jam_pulang`, `foto_masuk`, `latitude`, `longitude`, `status`) VALUES (\'1\', \'13\', \'2026-04-18\', \'16:16:55\', NULL, \'masuk_1776503815.png\', \'-6.954889112419533\', \'112.05485977578897\', \'hadir\')')
 4 SYSTEMPATH\Database\BaseBuilder.php(2345): CodeIgniter\Database\BaseConnection->query('INSERT INTO `data_presensi` (`id_user`, `id_instansi`, `tanggal`, `jam_masuk`, `jam_pulang`, `foto_masuk`, `latitude`, `longitude`, `status`) VALUES (:id_user:, :id_instansi:, :tanggal:, :jam_masuk:, :jam_pulang:, :foto_masuk:, :latitude:, :longitude:, :status:)', [...], false)
 5 SYSTEMPATH\Model.php(394): CodeIgniter\Database\BaseBuilder->insert()
 6 SYSTEMPATH\BaseModel.php(838): CodeIgniter\Model->doInsert([...])
 7 SYSTEMPATH\Model.php(797): CodeIgniter\BaseModel->insert([...], true)
 8 APPPATH\Controllers\Presensi.php(115): CodeIgniter\Model->insert([...])
 9 SYSTEMPATH\CodeIgniter.php(933): App\Controllers\Presensi->masuk()
10 SYSTEMPATH\CodeIgniter.php(507): CodeIgniter\CodeIgniter->runController(Object(App\Controllers\Presensi))
11 SYSTEMPATH\CodeIgniter.php(354): CodeIgniter\CodeIgniter->handleRequest(null, Object(Config\Cache), false)
12 SYSTEMPATH\Boot.php(363): CodeIgniter\CodeIgniter->run()
13 SYSTEMPATH\Boot.php(68): CodeIgniter\Boot::runCodeIgniter(Object(CodeIgniter\CodeIgniter))
14 FCPATH\index.php(59): CodeIgniter\Boot::bootWeb(Object(Config\Paths))
15 SYSTEMPATH\rewrite.php(44): require_once('C:\\laragon\\www\\presensi\\public\\index.php')
DEBUG - 2026-04-18 16:19:01 --> Session: Class initialized using 'CodeIgniter\Session\Handlers\FileHandler' driver.
WARNING - 2026-04-18 16:19:01 --> [DEPRECATED] Function strftime() is deprecated in APPPATH\Views\presensi\index.php on line 27.
 1 SYSTEMPATH\View\View.php(226): include('C:\\laragon\\www\\presensi\\app\\Views\\presensi\\index.php')
 2 SYSTEMPATH\View\View.php(229): CodeIgniter\View\View->CodeIgniter\View\{closure}()
 3 SYSTEMPATH\Common.php(1167): CodeIgniter\View\View->render('presensi/index', [], true)
 4 APPPATH\Controllers\Presensi.php(40): view('presensi/index', [...])
 5 SYSTEMPATH\CodeIgniter.php(933): App\Controllers\Presensi->index()
 6 SYSTEMPATH\CodeIgniter.php(507): CodeIgniter\CodeIgniter->runController(Object(App\Controllers\Presensi))
 7 SYSTEMPATH\CodeIgniter.php(354): CodeIgniter\CodeIgniter->handleRequest(null, Object(Config\Cache), false)
 8 SYSTEMPATH\Boot.php(363): CodeIgniter\CodeIgniter->run()
 9 SYSTEMPATH\Boot.php(68): CodeIgniter\Boot::runCodeIgniter(Object(CodeIgniter\CodeIgniter))
10 FCPATH\index.php(59): CodeIgniter\Boot::bootWeb(Object(Config\Paths))
11 SYSTEMPATH\rewrite.php(44): require_once('C:\\laragon\\www\\presensi\\public\\index.php')
DEBUG - 2026-04-18 16:19:09 --> Session: Class initialized using 'CodeIgniter\Session\Handlers\FileHandler' driver.
DEBUG - 2026-04-18 16:19:10 --> Session: Class initialized using 'CodeIgniter\Session\Handlers\FileHandler' driver.
WARNING - 2026-04-18 16:19:10 --> [DEPRECATED] Function strftime() is deprecated in APPPATH\Views\dashboard\index.php on line 18.
 1 SYSTEMPATH\View\View.php(226): include('C:\\laragon\\www\\presensi\\app\\Views\\dashboard\\index.php')
 2 SYSTEMPATH\View\View.php(229): CodeIgniter\View\View->CodeIgniter\View\{closure}()
 3 SYSTEMPATH\Common.php(1167): CodeIgniter\View\View->render('dashboard/index', [], true)
 4 APPPATH\Controllers\Dashboard.php(45): view('dashboard/index', [...])
 5 SYSTEMPATH\CodeIgniter.php(933): App\Controllers\Dashboard->index()
 6 SYSTEMPATH\CodeIgniter.php(507): CodeIgniter\CodeIgniter->runController(Object(App\Controllers\Dashboard))
 7 SYSTEMPATH\CodeIgniter.php(354): CodeIgniter\CodeIgniter->handleRequest(null, Object(Config\Cache), false)
 8 SYSTEMPATH\Boot.php(363): CodeIgniter\CodeIgniter->run()
 9 SYSTEMPATH\Boot.php(68): CodeIgniter\Boot::runCodeIgniter(Object(CodeIgniter\CodeIgniter))
10 FCPATH\index.php(59): CodeIgniter\Boot::bootWeb(Object(Config\Paths))
11 SYSTEMPATH\rewrite.php(44): require_once('C:\\laragon\\www\\presensi\\public\\index.php')
DEBUG - 2026-04-18 16:28:52 --> Session: Class initialized using 'CodeIgniter\Session\Handlers\FileHandler' driver.
DEBUG - 2026-04-18 16:28:55 --> Session: Class initialized using 'CodeIgniter\Session\Handlers\FileHandler' driver.
DEBUG - 2026-04-18 16:29:05 --> Session: Class initialized using 'CodeIgniter\Session\Handlers\FileHandler' driver.
DEBUG - 2026-04-18 16:29:13 --> Session: Class initialized using 'CodeIgniter\Session\Handlers\FileHandler' driver.
DEBUG - 2026-04-18 16:29:29 --> Session: Class initialized using 'CodeIgniter\Session\Handlers\FileHandler' driver.
DEBUG - 2026-04-18 16:29:29 --> Session: Class initialized using 'CodeIgniter\Session\Handlers\FileHandler' driver.
DEBUG - 2026-04-18 16:29:39 --> Session: Class initialized using 'CodeIgniter\Session\Handlers\FileHandler' driver.
WARNING - 2026-04-18 16:29:39 --> [DEPRECATED] Function strftime() is deprecated in APPPATH\Views\dashboard\index.php on line 18.
 1 SYSTEMPATH\View\View.php(226): include('C:\\laragon\\www\\presensi\\app\\Views\\dashboard\\index.php')
 2 SYSTEMPATH\View\View.php(229): CodeIgniter\View\View->CodeIgniter\View\{closure}()
 3 SYSTEMPATH\Common.php(1167): CodeIgniter\View\View->render('dashboard/index', [], true)
 4 APPPATH\Controllers\Dashboard.php(45): view('dashboard/index', [...])
 5 SYSTEMPATH\CodeIgniter.php(933): App\Controllers\Dashboard->index()
 6 SYSTEMPATH\CodeIgniter.php(507): CodeIgniter\CodeIgniter->runController(Object(App\Controllers\Dashboard))
 7 SYSTEMPATH\CodeIgniter.php(354): CodeIgniter\CodeIgniter->handleRequest(null, Object(Config\Cache), false)
 8 SYSTEMPATH\Boot.php(363): CodeIgniter\CodeIgniter->run()
 9 SYSTEMPATH\Boot.php(68): CodeIgniter\Boot::runCodeIgniter(Object(CodeIgniter\CodeIgniter))
10 FCPATH\index.php(59): CodeIgniter\Boot::bootWeb(Object(Config\Paths))
11 SYSTEMPATH\rewrite.php(44): require_once('C:\\laragon\\www\\presensi\\public\\index.php')
DEBUG - 2026-04-18 16:29:58 --> Session: Class initialized using 'CodeIgniter\Session\Handlers\FileHandler' driver.
DEBUG - 2026-04-18 16:31:37 --> Session: Class initialized using 'CodeIgniter\Session\Handlers\FileHandler' driver.
WARNING - 2026-04-18 16:31:37 --> [DEPRECATED] Function strftime() is deprecated in APPPATH\Views\dashboard\index.php on line 18.
 1 SYSTEMPATH\View\View.php(226): include('C:\\laragon\\www\\presensi\\app\\Views\\dashboard\\index.php')
 2 SYSTEMPATH\View\View.php(229): CodeIgniter\View\View->CodeIgniter\View\{closure}()
 3 SYSTEMPATH\Common.php(1167): CodeIgniter\View\View->render('dashboard/index', [], true)
 4 APPPATH\Controllers\Dashboard.php(45): view('dashboard/index', [...])
 5 SYSTEMPATH\CodeIgniter.php(933): App\Controllers\Dashboard->index()
 6 SYSTEMPATH\CodeIgniter.php(507): CodeIgniter\CodeIgniter->runController(Object(App\Controllers\Dashboard))
 7 SYSTEMPATH\CodeIgniter.php(354): CodeIgniter\CodeIgniter->handleRequest(null, Object(Config\Cache), false)
 8 SYSTEMPATH\Boot.php(363): CodeIgniter\CodeIgniter->run()
 9 SYSTEMPATH\Boot.php(68): CodeIgniter\Boot::runCodeIgniter(Object(CodeIgniter\CodeIgniter))
10 FCPATH\index.php(59): CodeIgniter\Boot::bootWeb(Object(Config\Paths))
11 SYSTEMPATH\rewrite.php(44): require_once('C:\\laragon\\www\\presensi\\public\\index.php')
DEBUG - 2026-04-18 16:31:41 --> Session: Class initialized using 'CodeIgniter\Session\Handlers\FileHandler' driver.
WARNING - 2026-04-18 16:31:41 --> [DEPRECATED] Function strftime() is deprecated in APPPATH\Views\presensi\index.php on line 27.
 1 SYSTEMPATH\View\View.php(226): include('C:\\laragon\\www\\presensi\\app\\Views\\presensi\\index.php')
 2 SYSTEMPATH\View\View.php(229): CodeIgniter\View\View->CodeIgniter\View\{closure}()
 3 SYSTEMPATH\Common.php(1167): CodeIgniter\View\View->render('presensi/index', [], true)
 4 APPPATH\Controllers\Presensi.php(40): view('presensi/index', [...])
 5 SYSTEMPATH\CodeIgniter.php(933): App\Controllers\Presensi->index()
 6 SYSTEMPATH\CodeIgniter.php(507): CodeIgniter\CodeIgniter->runController(Object(App\Controllers\Presensi))
 7 SYSTEMPATH\CodeIgniter.php(354): CodeIgniter\CodeIgniter->handleRequest(null, Object(Config\Cache), false)
 8 SYSTEMPATH\Boot.php(363): CodeIgniter\CodeIgniter->run()
 9 SYSTEMPATH\Boot.php(68): CodeIgniter\Boot::runCodeIgniter(Object(CodeIgniter\CodeIgniter))
10 FCPATH\index.php(59): CodeIgniter\Boot::bootWeb(Object(Config\Paths))
11 SYSTEMPATH\rewrite.php(44): require_once('C:\\laragon\\www\\presensi\\public\\index.php')
DEBUG - 2026-04-18 16:31:46 --> Session: Class initialized using 'CodeIgniter\Session\Handlers\FileHandler' driver.
WARNING - 2026-04-18 16:31:47 --> [DEPRECATED] Function strftime() is deprecated in APPPATH\Views\presensi\index.php on line 27.
 1 SYSTEMPATH\View\View.php(226): include('C:\\laragon\\www\\presensi\\app\\Views\\presensi\\index.php')
 2 SYSTEMPATH\View\View.php(229): CodeIgniter\View\View->CodeIgniter\View\{closure}()
 3 SYSTEMPATH\Common.php(1167): CodeIgniter\View\View->render('presensi/index', [], true)
 4 APPPATH\Controllers\Presensi.php(40): view('presensi/index', [...])
 5 SYSTEMPATH\CodeIgniter.php(933): App\Controllers\Presensi->index()
 6 SYSTEMPATH\CodeIgniter.php(507): CodeIgniter\CodeIgniter->runController(Object(App\Controllers\Presensi))
 7 SYSTEMPATH\CodeIgniter.php(354): CodeIgniter\CodeIgniter->handleRequest(null, Object(Config\Cache), false)
 8 SYSTEMPATH\Boot.php(363): CodeIgniter\CodeIgniter->run()
 9 SYSTEMPATH\Boot.php(68): CodeIgniter\Boot::runCodeIgniter(Object(CodeIgniter\CodeIgniter))
10 FCPATH\index.php(59): CodeIgniter\Boot::bootWeb(Object(Config\Paths))
11 SYSTEMPATH\rewrite.php(44): require_once('C:\\laragon\\www\\presensi\\public\\index.php')
DEBUG - 2026-04-18 16:31:53 --> Session: Class initialized using 'CodeIgniter\Session\Handlers\FileHandler' driver.
WARNING - 2026-04-18 16:31:53 --> [DEPRECATED] Function strftime() is deprecated in APPPATH\Views\dashboard\index.php on line 18.
 1 SYSTEMPATH\View\View.php(226): include('C:\\laragon\\www\\presensi\\app\\Views\\dashboard\\index.php')
 2 SYSTEMPATH\View\View.php(229): CodeIgniter\View\View->CodeIgniter\View\{closure}()
 3 SYSTEMPATH\Common.php(1167): CodeIgniter\View\View->render('dashboard/index', [], true)
 4 APPPATH\Controllers\Dashboard.php(45): view('dashboard/index', [...])
 5 SYSTEMPATH\CodeIgniter.php(933): App\Controllers\Dashboard->index()
 6 SYSTEMPATH\CodeIgniter.php(507): CodeIgniter\CodeIgniter->runController(Object(App\Controllers\Dashboard))
 7 SYSTEMPATH\CodeIgniter.php(354): CodeIgniter\CodeIgniter->handleRequest(null, Object(Config\Cache), false)
 8 SYSTEMPATH\Boot.php(363): CodeIgniter\CodeIgniter->run()
 9 SYSTEMPATH\Boot.php(68): CodeIgniter\Boot::runCodeIgniter(Object(CodeIgniter\CodeIgniter))
10 FCPATH\index.php(59): CodeIgniter\Boot::bootWeb(Object(Config\Paths))
11 SYSTEMPATH\rewrite.php(44): require_once('C:\\laragon\\www\\presensi\\public\\index.php')
DEBUG - 2026-04-18 16:36:06 --> Session: Class initialized using 'CodeIgniter\Session\Handlers\FileHandler' driver.
WARNING - 2026-04-18 16:36:06 --> [DEPRECATED] Function strftime() is deprecated in APPPATH\Views\presensi\index.php on line 27.
 1 SYSTEMPATH\View\View.php(226): include('C:\\laragon\\www\\presensi\\app\\Views\\presensi\\index.php')
 2 SYSTEMPATH\View\View.php(229): CodeIgniter\View\View->CodeIgniter\View\{closure}()
 3 SYSTEMPATH\Common.php(1167): CodeIgniter\View\View->render('presensi/index', [], true)
 4 APPPATH\Controllers\Presensi.php(40): view('presensi/index', [...])
 5 SYSTEMPATH\CodeIgniter.php(933): App\Controllers\Presensi->index()
 6 SYSTEMPATH\CodeIgniter.php(507): CodeIgniter\CodeIgniter->runController(Object(App\Controllers\Presensi))
 7 SYSTEMPATH\CodeIgniter.php(354): CodeIgniter\CodeIgniter->handleRequest(null, Object(Config\Cache), false)
 8 SYSTEMPATH\Boot.php(363): CodeIgniter\CodeIgniter->run()
 9 SYSTEMPATH\Boot.php(68): CodeIgniter\Boot::runCodeIgniter(Object(CodeIgniter\CodeIgniter))
10 FCPATH\index.php(59): CodeIgniter\Boot::bootWeb(Object(Config\Paths))
11 SYSTEMPATH\rewrite.php(44): require_once('C:\\laragon\\www\\presensi\\public\\index.php')
DEBUG - 2026-04-18 16:45:18 --> Session: Class initialized using 'CodeIgniter\Session\Handlers\FileHandler' driver.
WARNING - 2026-04-18 16:45:19 --> [DEPRECATED] Function strftime() is deprecated in APPPATH\Views\presensi\index.php on line 27.
 1 SYSTEMPATH\View\View.php(226): include('C:\\laragon\\www\\presensi\\app\\Views\\presensi\\index.php')
 2 SYSTEMPATH\View\View.php(229): CodeIgniter\View\View->CodeIgniter\View\{closure}()
 3 SYSTEMPATH\Common.php(1167): CodeIgniter\View\View->render('presensi/index', [], true)
 4 APPPATH\Controllers\Presensi.php(40): view('presensi/index', [...])
 5 SYSTEMPATH\CodeIgniter.php(933): App\Controllers\Presensi->index()
 6 SYSTEMPATH\CodeIgniter.php(507): CodeIgniter\CodeIgniter->runController(Object(App\Controllers\Presensi))
 7 SYSTEMPATH\CodeIgniter.php(354): CodeIgniter\CodeIgniter->handleRequest(null, Object(Config\Cache), false)
 8 SYSTEMPATH\Boot.php(363): CodeIgniter\CodeIgniter->run()
 9 SYSTEMPATH\Boot.php(68): CodeIgniter\Boot::runCodeIgniter(Object(CodeIgniter\CodeIgniter))
10 FCPATH\index.php(59): CodeIgniter\Boot::bootWeb(Object(Config\Paths))
11 SYSTEMPATH\rewrite.php(44): require_once('C:\\laragon\\www\\presensi\\public\\index.php')
DEBUG - 2026-04-18 16:45:28 --> Session: Class initialized using 'CodeIgniter\Session\Handlers\FileHandler' driver.
DEBUG - 2026-04-18 16:58:38 --> Session: Class initialized using 'CodeIgniter\Session\Handlers\FileHandler' driver.
DEBUG - 2026-04-18 16:59:32 --> Session: Class initialized using 'CodeIgniter\Session\Handlers\FileHandler' driver.
DEBUG - 2026-04-18 16:59:51 --> Session: Class initialized using 'CodeIgniter\Session\Handlers\FileHandler' driver.
DEBUG - 2026-04-18 16:59:52 --> Session: Class initialized using 'CodeIgniter\Session\Handlers\FileHandler' driver.
DEBUG - 2026-04-18 16:59:56 --> Session: Class initialized using 'CodeIgniter\Session\Handlers\FileHandler' driver.
DEBUG - 2026-04-18 17:00:08 --> Session: Class initialized using 'CodeIgniter\Session\Handlers\FileHandler' driver.
WARNING - 2026-04-18 17:00:08 --> [DEPRECATED] Function strftime() is deprecated in APPPATH\Views\dashboard\index.php on line 18.
 1 SYSTEMPATH\View\View.php(226): include('C:\\laragon\\www\\presensi\\app\\Views\\dashboard\\index.php')
 2 SYSTEMPATH\View\View.php(229): CodeIgniter\View\View->CodeIgniter\View\{closure}()
 3 SYSTEMPATH\Common.php(1167): CodeIgniter\View\View->render('dashboard/index', [], true)
 4 APPPATH\Controllers\Dashboard.php(45): view('dashboard/index', [...])
 5 SYSTEMPATH\CodeIgniter.php(933): App\Controllers\Dashboard->index()
 6 SYSTEMPATH\CodeIgniter.php(507): CodeIgniter\CodeIgniter->runController(Object(App\Controllers\Dashboard))
 7 SYSTEMPATH\CodeIgniter.php(354): CodeIgniter\CodeIgniter->handleRequest(null, Object(Config\Cache), false)
 8 SYSTEMPATH\Boot.php(363): CodeIgniter\CodeIgniter->run()
 9 SYSTEMPATH\Boot.php(68): CodeIgniter\Boot::runCodeIgniter(Object(CodeIgniter\CodeIgniter))
10 FCPATH\index.php(59): CodeIgniter\Boot::bootWeb(Object(Config\Paths))
11 SYSTEMPATH\rewrite.php(44): require_once('C:\\laragon\\www\\presensi\\public\\index.php')
DEBUG - 2026-04-18 17:00:11 --> Session: Class initialized using 'CodeIgniter\Session\Handlers\FileHandler' driver.
WARNING - 2026-04-18 17:00:11 --> [DEPRECATED] Function strftime() is deprecated in APPPATH\Views\presensi\index.php on line 27.
 1 SYSTEMPATH\View\View.php(226): include('C:\\laragon\\www\\presensi\\app\\Views\\presensi\\index.php')
 2 SYSTEMPATH\View\View.php(229): CodeIgniter\View\View->CodeIgniter\View\{closure}()
 3 SYSTEMPATH\Common.php(1167): CodeIgniter\View\View->render('presensi/index', [], true)
 4 APPPATH\Controllers\Presensi.php(40): view('presensi/index', [...])
 5 SYSTEMPATH\CodeIgniter.php(933): App\Controllers\Presensi->index()
 6 SYSTEMPATH\CodeIgniter.php(507): CodeIgniter\CodeIgniter->runController(Object(App\Controllers\Presensi))
 7 SYSTEMPATH\CodeIgniter.php(354): CodeIgniter\CodeIgniter->handleRequest(null, Object(Config\Cache), false)
 8 SYSTEMPATH\Boot.php(363): CodeIgniter\CodeIgniter->run()
 9 SYSTEMPATH\Boot.php(68): CodeIgniter\Boot::runCodeIgniter(Object(CodeIgniter\CodeIgniter))
10 FCPATH\index.php(59): CodeIgniter\Boot::bootWeb(Object(Config\Paths))
11 SYSTEMPATH\rewrite.php(44): require_once('C:\\laragon\\www\\presensi\\public\\index.php')
DEBUG - 2026-04-18 17:01:47 --> Session: Class initialized using 'CodeIgniter\Session\Handlers\FileHandler' driver.
WARNING - 2026-04-18 17:01:47 --> [DEPRECATED] Function strftime() is deprecated in APPPATH\Views\presensi\index.php on line 27.
 1 SYSTEMPATH\View\View.php(226): include('C:\\laragon\\www\\presensi\\app\\Views\\presensi\\index.php')
 2 SYSTEMPATH\View\View.php(229): CodeIgniter\View\View->CodeIgniter\View\{closure}()
 3 SYSTEMPATH\Common.php(1167): CodeIgniter\View\View->render('presensi/index', [], true)
 4 APPPATH\Controllers\Presensi.php(40): view('presensi/index', [...])
 5 SYSTEMPATH\CodeIgniter.php(933): App\Controllers\Presensi->index()
 6 SYSTEMPATH\CodeIgniter.php(507): CodeIgniter\CodeIgniter->runController(Object(App\Controllers\Presensi))
 7 SYSTEMPATH\CodeIgniter.php(354): CodeIgniter\CodeIgniter->handleRequest(null, Object(Config\Cache), false)
 8 SYSTEMPATH\Boot.php(363): CodeIgniter\CodeIgniter->run()
 9 SYSTEMPATH\Boot.php(68): CodeIgniter\Boot::runCodeIgniter(Object(CodeIgniter\CodeIgniter))
10 FCPATH\index.php(59): CodeIgniter\Boot::bootWeb(Object(Config\Paths))
11 SYSTEMPATH\rewrite.php(44): require_once('C:\\laragon\\www\\presensi\\public\\index.php')
DEBUG - 2026-04-18 17:04:30 --> Session: Class initialized using 'CodeIgniter\Session\Handlers\FileHandler' driver.
WARNING - 2026-04-18 17:04:30 --> [DEPRECATED] Function strftime() is deprecated in APPPATH\Views\dashboard\index.php on line 18.
 1 SYSTEMPATH\View\View.php(226): include('C:\\laragon\\www\\presensi\\app\\Views\\dashboard\\index.php')
 2 SYSTEMPATH\View\View.php(229): CodeIgniter\View\View->CodeIgniter\View\{closure}()
 3 SYSTEMPATH\Common.php(1167): CodeIgniter\View\View->render('dashboard/index', [], true)
 4 APPPATH\Controllers\Dashboard.php(45): view('dashboard/index', [...])
 5 SYSTEMPATH\CodeIgniter.php(933): App\Controllers\Dashboard->index()
 6 SYSTEMPATH\CodeIgniter.php(507): CodeIgniter\CodeIgniter->runController(Object(App\Controllers\Dashboard))
 7 SYSTEMPATH\CodeIgniter.php(354): CodeIgniter\CodeIgniter->handleRequest(null, Object(Config\Cache), false)
 8 SYSTEMPATH\Boot.php(363): CodeIgniter\CodeIgniter->run()
 9 SYSTEMPATH\Boot.php(68): CodeIgniter\Boot::runCodeIgniter(Object(CodeIgniter\CodeIgniter))
10 FCPATH\index.php(59): CodeIgniter\Boot::bootWeb(Object(Config\Paths))
11 SYSTEMPATH\rewrite.php(44): require_once('C:\\laragon\\www\\presensi\\public\\index.php')
DEBUG - 2026-04-18 17:19:28 --> Session: Class initialized using 'CodeIgniter\Session\Handlers\FileHandler' driver.
DEBUG - 2026-04-18 17:19:53 --> Session: Class initialized using 'CodeIgniter\Session\Handlers\FileHandler' driver.
DEBUG - 2026-04-18 17:19:53 --> Session: Class initialized using 'CodeIgniter\Session\Handlers\FileHandler' driver.
DEBUG - 2026-04-18 17:19:57 --> Session: Class initialized using 'CodeIgniter\Session\Handlers\FileHandler' driver.
DEBUG - 2026-04-18 17:20:03 --> Session: Class initialized using 'CodeIgniter\Session\Handlers\FileHandler' driver.
DEBUG - 2026-04-18 17:20:09 --> Session: Class initialized using 'CodeIgniter\Session\Handlers\FileHandler' driver.
WARNING - 2026-04-18 17:20:09 --> [DEPRECATED] Function strftime() is deprecated in APPPATH\Views\dashboard\index.php on line 18.
 1 SYSTEMPATH\View\View.php(226): include('C:\\laragon\\www\\presensi\\app\\Views\\dashboard\\index.php')
 2 SYSTEMPATH\View\View.php(229): CodeIgniter\View\View->CodeIgniter\View\{closure}()
 3 SYSTEMPATH\Common.php(1167): CodeIgniter\View\View->render('dashboard/index', [], true)
 4 APPPATH\Controllers\Dashboard.php(45): view('dashboard/index', [...])
 5 SYSTEMPATH\CodeIgniter.php(933): App\Controllers\Dashboard->index()
 6 SYSTEMPATH\CodeIgniter.php(507): CodeIgniter\CodeIgniter->runController(Object(App\Controllers\Dashboard))
 7 SYSTEMPATH\CodeIgniter.php(354): CodeIgniter\CodeIgniter->handleRequest(null, Object(Config\Cache), false)
 8 SYSTEMPATH\Boot.php(363): CodeIgniter\CodeIgniter->run()
 9 SYSTEMPATH\Boot.php(68): CodeIgniter\Boot::runCodeIgniter(Object(CodeIgniter\CodeIgniter))
10 FCPATH\index.php(59): CodeIgniter\Boot::bootWeb(Object(Config\Paths))
11 SYSTEMPATH\rewrite.php(44): require_once('C:\\laragon\\www\\presensi\\public\\index.php')
DEBUG - 2026-04-18 17:20:11 --> Session: Class initialized using 'CodeIgniter\Session\Handlers\FileHandler' driver.
WARNING - 2026-04-18 17:20:11 --> [DEPRECATED] Function strftime() is deprecated in APPPATH\Views\presensi\index.php on line 27.
 1 SYSTEMPATH\View\View.php(226): include('C:\\laragon\\www\\presensi\\app\\Views\\presensi\\index.php')
 2 SYSTEMPATH\View\View.php(229): CodeIgniter\View\View->CodeIgniter\View\{closure}()
 3 SYSTEMPATH\Common.php(1167): CodeIgniter\View\View->render('presensi/index', [], true)
 4 APPPATH\Controllers\Presensi.php(40): view('presensi/index', [...])
 5 SYSTEMPATH\CodeIgniter.php(933): App\Controllers\Presensi->index()
 6 SYSTEMPATH\CodeIgniter.php(507): CodeIgniter\CodeIgniter->runController(Object(App\Controllers\Presensi))
 7 SYSTEMPATH\CodeIgniter.php(354): CodeIgniter\CodeIgniter->handleRequest(null, Object(Config\Cache), false)
 8 SYSTEMPATH\Boot.php(363): CodeIgniter\CodeIgniter->run()
 9 SYSTEMPATH\Boot.php(68): CodeIgniter\Boot::runCodeIgniter(Object(CodeIgniter\CodeIgniter))
10 FCPATH\index.php(59): CodeIgniter\Boot::bootWeb(Object(Config\Paths))
11 SYSTEMPATH\rewrite.php(44): require_once('C:\\laragon\\www\\presensi\\public\\index.php')
DEBUG - 2026-04-18 17:20:16 --> Session: Class initialized using 'CodeIgniter\Session\Handlers\FileHandler' driver.
WARNING - 2026-04-18 17:20:17 --> [DEPRECATED] Function strftime() is deprecated in APPPATH\Views\presensi\index.php on line 27.
 1 SYSTEMPATH\View\View.php(226): include('C:\\laragon\\www\\presensi\\app\\Views\\presensi\\index.php')
 2 SYSTEMPATH\View\View.php(229): CodeIgniter\View\View->CodeIgniter\View\{closure}()
 3 SYSTEMPATH\Common.php(1167): CodeIgniter\View\View->render('presensi/index', [], true)
 4 APPPATH\Controllers\Presensi.php(40): view('presensi/index', [...])
 5 SYSTEMPATH\CodeIgniter.php(933): App\Controllers\Presensi->index()
 6 SYSTEMPATH\CodeIgniter.php(507): CodeIgniter\CodeIgniter->runController(Object(App\Controllers\Presensi))
 7 SYSTEMPATH\CodeIgniter.php(354): CodeIgniter\CodeIgniter->handleRequest(null, Object(Config\Cache), false)
 8 SYSTEMPATH\Boot.php(363): CodeIgniter\CodeIgniter->run()
 9 SYSTEMPATH\Boot.php(68): CodeIgniter\Boot::runCodeIgniter(Object(CodeIgniter\CodeIgniter))
10 FCPATH\index.php(59): CodeIgniter\Boot::bootWeb(Object(Config\Paths))
11 SYSTEMPATH\rewrite.php(44): require_once('C:\\laragon\\www\\presensi\\public\\index.php')
DEBUG - 2026-04-18 17:20:40 --> Session: Class initialized using 'CodeIgniter\Session\Handlers\FileHandler' driver.
DEBUG - 2026-04-18 17:20:57 --> Session: Class initialized using 'CodeIgniter\Session\Handlers\FileHandler' driver.
DEBUG - 2026-04-18 17:20:58 --> Session: Class initialized using 'CodeIgniter\Session\Handlers\FileHandler' driver.
DEBUG - 2026-04-18 17:21:01 --> Session: Class initialized using 'CodeIgniter\Session\Handlers\FileHandler' driver.
DEBUG - 2026-04-18 17:21:06 --> Session: Class initialized using 'CodeIgniter\Session\Handlers\FileHandler' driver.
WARNING - 2026-04-18 17:21:06 --> [DEPRECATED] Function strftime() is deprecated in APPPATH\Views\presensi\index.php on line 27.
 1 SYSTEMPATH\View\View.php(226): include('C:\\laragon\\www\\presensi\\app\\Views\\presensi\\index.php')
 2 SYSTEMPATH\View\View.php(229): CodeIgniter\View\View->CodeIgniter\View\{closure}()
 3 SYSTEMPATH\Common.php(1167): CodeIgniter\View\View->render('presensi/index', [], true)
 4 APPPATH\Controllers\Presensi.php(40): view('presensi/index', [...])
 5 SYSTEMPATH\CodeIgniter.php(933): App\Controllers\Presensi->index()
 6 SYSTEMPATH\CodeIgniter.php(507): CodeIgniter\CodeIgniter->runController(Object(App\Controllers\Presensi))
 7 SYSTEMPATH\CodeIgniter.php(354): CodeIgniter\CodeIgniter->handleRequest(null, Object(Config\Cache), false)
 8 SYSTEMPATH\Boot.php(363): CodeIgniter\CodeIgniter->run()
 9 SYSTEMPATH\Boot.php(68): CodeIgniter\Boot::runCodeIgniter(Object(CodeIgniter\CodeIgniter))
10 FCPATH\index.php(59): CodeIgniter\Boot::bootWeb(Object(Config\Paths))
11 SYSTEMPATH\rewrite.php(44): require_once('C:\\laragon\\www\\presensi\\public\\index.php')
DEBUG - 2026-04-18 17:25:36 --> Session: Class initialized using 'CodeIgniter\Session\Handlers\FileHandler' driver.
WARNING - 2026-04-18 17:25:36 --> [DEPRECATED] Function strftime() is deprecated in APPPATH\Views\presensi\index.php on line 27.
 1 SYSTEMPATH\View\View.php(226): include('C:\\laragon\\www\\presensi\\app\\Views\\presensi\\index.php')
 2 SYSTEMPATH\View\View.php(229): CodeIgniter\View\View->CodeIgniter\View\{closure}()
 3 SYSTEMPATH\Common.php(1167): CodeIgniter\View\View->render('presensi/index', [], true)
 4 APPPATH\Controllers\Presensi.php(40): view('presensi/index', [...])
 5 SYSTEMPATH\CodeIgniter.php(933): App\Controllers\Presensi->index()
 6 SYSTEMPATH\CodeIgniter.php(507): CodeIgniter\CodeIgniter->runController(Object(App\Controllers\Presensi))
 7 SYSTEMPATH\CodeIgniter.php(354): CodeIgniter\CodeIgniter->handleRequest(null, Object(Config\Cache), false)
 8 SYSTEMPATH\Boot.php(363): CodeIgniter\CodeIgniter->run()
 9 SYSTEMPATH\Boot.php(68): CodeIgniter\Boot::runCodeIgniter(Object(CodeIgniter\CodeIgniter))
10 FCPATH\index.php(59): CodeIgniter\Boot::bootWeb(Object(Config\Paths))
11 SYSTEMPATH\rewrite.php(44): require_once('C:\\laragon\\www\\presensi\\public\\index.php')
DEBUG - 2026-04-18 17:27:29 --> Session: Class initialized using 'CodeIgniter\Session\Handlers\FileHandler' driver.
DEBUG - 2026-04-18 17:27:41 --> Session: Class initialized using 'CodeIgniter\Session\Handlers\FileHandler' driver.
DEBUG - 2026-04-18 17:28:02 --> Session: Class initialized using 'CodeIgniter\Session\Handlers\FileHandler' driver.
DEBUG - 2026-04-18 17:54:30 --> Session: Class initialized using 'CodeIgniter\Session\Handlers\FileHandler' driver.
DEBUG - 2026-04-18 18:00:19 --> Session: Class initialized using 'CodeIgniter\Session\Handlers\FileHandler' driver.
DEBUG - 2026-04-18 18:05:11 --> Session: Class initialized using 'CodeIgniter\Session\Handlers\FileHandler' driver.
DEBUG - 2026-04-18 18:07:03 --> Session: Class initialized using 'CodeIgniter\Session\Handlers\FileHandler' driver.
DEBUG - 2026-04-18 18:15:24 --> Session: Class initialized using 'CodeIgniter\Session\Handlers\FileHandler' driver.
DEBUG - 2026-04-18 18:21:26 --> Session: Class initialized using 'CodeIgniter\Session\Handlers\FileHandler' driver.
DEBUG - 2026-04-18 18:21:50 --> Session: Class initialized using 'CodeIgniter\Session\Handlers\FileHandler' driver.
DEBUG - 2026-04-18 18:22:27 --> Session: Class initialized using 'CodeIgniter\Session\Handlers\FileHandler' driver.
DEBUG - 2026-04-18 18:22:56 --> Session: Class initialized using 'CodeIgniter\Session\Handlers\FileHandler' driver.
